consent_id,contact_id,obtained_at,seller_named,phone_number,in_writing,signature,discloses_autodialed_marketing,discloses_not_condition_of_purchase,source
W0001,K0201,2019-04-02T15:00:00Z,"Harbor & Pine Home Goods, Inc.",+12125550173,true,electronic,true,true,sms_keyword_double_opt_in_web_form
W0002,K0128,2022-09-21T06:18:00Z,"Harbor & Pine Home Goods, Inc.",+14155550128,true,electronic,true,true,sms_keyword_double_opt_in_web_form
W0003,K0192,2022-10-04T23:07:00Z,"Harbor & Pine Home Goods, Inc.",+12065550101,true,electronic,true,true,sms_keyword_double_opt_in_web_form
W0004,K0208,2022-10-13T01:57:00Z,"Harbor & Pine Home Goods, Inc.",+15035550101,true,electronic,true,false,in_store_tablet
W0005,K0151,2022-10-17T20:18:00Z,"Harbor & Pine Home Goods, Inc.",+17025550137,true,wet_ink,true,true,paper_form_in_store
W0006,K0194,2022-11-12T04:24:00Z,"Harbor & Pine Home Goods, Inc.",+17185550153,false,none,true,true,phone_call_with_associate
W0007,K0081,2022-12-03T18:31:00Z,"Harbor & Pine Home Goods, Inc.",+15205550109,true,electronic,true,true,web_checkout_form
W0008,K0055,2022-12-05T04:45:00Z,"Harbor & Pine Home Goods, Inc.",+12125550179,true,electronic,true,true,in_store_tablet
W0009,K0049,2022-12-06T18:50:00Z,"Harbor & Pine Home Goods, Inc.",+14045550163,true,wet_ink,true,true,paper_form_in_store
W0010,K0234,2023-01-03T21:32:00Z,"Harbor & Pine Home Goods, Inc.",+12135550118,true,electronic,true,true,in_store_tablet
W0011,K0017,2023-01-07T07:14:00Z,"Harbor & Pine Home Goods, Inc.",+12145550127,true,electronic,true,true,in_store_tablet
W0012,K0152,2023-01-27T08:29:00Z,"Harbor & Pine Home Goods, Inc.",+15205550147,true,electronic,true,true,in_store_tablet
W0013,K0083,2023-02-25T20:33:00Z,"Harbor & Pine Home Goods, Inc.",+16125550102,true,electronic,true,true,in_store_tablet
W0014,K0099,2023-04-21T22:03:00Z,"Harbor & Pine Home Goods, Inc.",+13125550127,true,electronic,true,true,web_checkout_form
W0015,K0091,2023-05-01T15:21:00Z,"Harbor & Pine Home Goods, Inc.",+19195550148,true,wet_ink,true,true,paper_form_in_store
W0016,K0190,2023-05-13T13:45:00Z,"Harbor & Pine Home Goods, Inc.",+13055550196,true,electronic,true,true,web_checkout_form
W0017,K0195,2023-05-17T19:02:00Z,"Harbor & Pine Home Goods, Inc.",+16025550150,true,electronic,true,true,sms_keyword_double_opt_in_web_form
W0018,K0162,2023-06-04T02:14:00Z,"Harbor & Pine Home Goods, Inc.",+16175550148,true,wet_ink,true,true,paper_form_in_store
W0019,K0171,2023-06-07T09:47:00Z,"Harbor & Pine Home Goods, Inc.",+13125550138,true,electronic,true,true,sms_keyword_double_opt_in_web_form
W0020,K0111,2023-06-21T23:38:00Z,"Harbor & Pine Home Goods, Inc.",+17025550155,true,electronic,true,true,in_store_tablet
W0021,K0209,2023-06-27T09:23:00Z,"Harbor & Pine Home Goods, Inc.",+16465550100,true,electronic,true,true,sms_keyword_double_opt_in_web_form
W0022,K0101,2023-07-20T20:27:00Z,"Harbor & Pine Home Goods, Inc.",+16125550145,true,electronic,true,true,in_store_tablet
W0023,K0034,2023-07-21T09:05:00Z,"Harbor & Pine Home Goods, Inc.",+14805550179,true,wet_ink,true,true,paper_form_in_store
W0024,K0023,2023-08-02T05:24:00Z,"Harbor & Pine Home Goods, Inc.",+12125550136,true,electronic,true,true,sms_keyword_double_opt_in_web_form
W0025,K0063,2023-08-06T05:16:00Z,"Harbor & Pine Home Goods, Inc.",+15205550124,true,electronic,true,true,in_store_tablet
W0026,K0144,2023-10-03T07:44:00Z,"Harbor & Pine Home Goods, Inc.",+14155550149,true,electronic,true,true,in_store_tablet
W0027,K0112,2023-10-04T12:44:00Z,"Harbor & Pine Home Goods, Inc.",+13125550137,true,electronic,true,true,in_store_tablet
W0028,K0211,2023-10-11T22:01:00Z,"Harbor & Pine Home Goods, Inc.",+12085550170,true,wet_ink,true,false,paper_form_in_store
W0029,K0104,2023-10-15T07:44:00Z,"Harbor & Pine Home Goods, Inc.",+12065550113,true,wet_ink,true,true,paper_form_in_store
W0030,K0183,2023-10-21T02:19:00Z,"Harbor & Pine Home Goods, Inc.",+13125550112,true,electronic,true,true,sms_keyword_double_opt_in_web_form
W0031,K0255,2023-11-14T05:11:00Z,"Harbor & Pine Home Goods, Inc.",+17025550101,true,electronic,true,true,sms_keyword_double_opt_in_web_form
W0032,K0175,2023-11-19T23:00:00Z,"Harbor & Pine Home Goods, Inc.",+17025550118,true,electronic,true,true,sms_keyword_double_opt_in_web_form
W0033,K0142,2023-12-02T02:52:00Z,"Harbor & Pine Home Goods, Inc.",+12145550163,true,electronic,true,true,web_checkout_form
W0034,K0185,2023-12-05T19:12:00Z,"Harbor & Pine Home Goods, Inc.",+12125550143,true,wet_ink,true,true,paper_form_in_store
W0035,K0169,2024-01-05T23:58:00Z,"Harbor & Pine Home Goods, Inc.",+17135550197,true,electronic,true,true,web_checkout_form
W0036,K0066,2024-01-06T14:16:00Z,"Harbor & Pine Home Goods, Inc.",+13035550143,true,wet_ink,true,true,paper_form_in_store
W0037,K0013,2024-01-07T04:39:00Z,"Harbor & Pine Home Goods, Inc.",+14805550190,true,electronic,true,true,in_store_tablet
W0038,K0213,2024-01-08T00:39:00Z,"Harbor & Pine Home Goods, Inc.",+14045550124,true,wet_ink,true,true,paper_form_in_store
W0039,K0117,2024-01-12T13:11:00Z,"Harbor & Pine Home Goods, Inc.",+12125550154,true,wet_ink,true,true,paper_form_in_store
W0040,K0181,2024-01-23T04:12:00Z,"Harbor & Pine Home Goods, Inc.",+12125550155,true,electronic,true,true,web_checkout_form
W0041,K0009,2024-01-24T16:36:00Z,"Harbor & Pine Home Goods, Inc.",+16465550106,true,none,true,true,web_newsletter_form
W0042,K0157,2024-02-09T16:29:00Z,"Harbor & Pine Home Goods, Inc.",+13125550128,true,electronic,true,true,in_store_tablet
W0043,K0218,2024-03-12T06:10:00Z,"Harbor & Pine Home Goods, Inc.",+15205550110,true,wet_ink,true,true,paper_form_in_store
W0044,K0029,2024-03-13T00:04:00Z,"Harbor & Pine Home Goods, Inc.",+12125550103,true,electronic,true,true,in_store_tablet
W0045,K0109,2024-04-30T09:43:00Z,"Harbor & Pine Home Goods, Inc.",+16175550184,true,electronic,true,true,in_store_tablet
W0046,K0035,2024-06-08T02:48:00Z,"Harbor & Pine Home Goods, Inc.",+17875550168,true,wet_ink,true,true,paper_form_in_store
W0047,K0127,2024-06-08T22:10:00Z,"Harbor & Pine Home Goods, Inc.",+16155550153,true,electronic,true,true,sms_keyword_double_opt_in_web_form
W0048,K0074,2024-07-02T14:34:00Z,"Harbor & Pine Home Goods, Inc.",+12135550187,true,wet_ink,true,true,paper_form_in_store
W0049,K0045,2024-07-12T10:01:00Z,"Harbor & Pine Home Goods, Inc.",+12145550106,true,electronic,true,true,in_store_tablet
W0050,K0039,2024-07-22T13:17:00Z,"Harbor & Pine Home Goods, Inc.",+13035550181,true,electronic,true,true,in_store_tablet
W0051,K0154,2024-07-29T16:05:00Z,"Harbor & Pine Home Goods, Inc.",+13125550176,true,wet_ink,true,true,paper_form_in_store
W0052,K0184,2024-07-30T22:14:00Z,"Harbor & Pine Home Goods, Inc.",+12135550181,true,wet_ink,true,true,paper_form_in_store
W0053,K0182,2024-08-08T17:40:00Z,"Harbor & Pine Home Goods, Inc.",+12025550175,true,wet_ink,true,true,paper_form_in_store
W0054,K0224,2024-08-15T21:55:00Z,"Harbor & Pine Home Goods, Inc.",+12125550101,true,electronic,true,true,in_store_tablet
W0055,K0068,2024-08-21T14:44:00Z,"Harbor & Pine Home Goods, Inc.",+12145550167,true,electronic,true,true,web_checkout_form
W0056,K0003,2024-08-28T06:44:00Z,"Harbor & Pine Home Goods, Inc.",+17135550134,true,electronic,true,true,in_store_tablet
W0057,K0050,2024-09-11T18:25:00Z,"Harbor & Pine Home Goods, Inc.",+12125550195,true,wet_ink,true,true,paper_form_in_store
W0058,K0239,2024-10-20T00:58:00Z,"Harbor & Pine Home Goods, Inc.",+14805550188,true,electronic,true,true,web_checkout_form
W0059,K0011,2024-11-05T13:49:00Z,"Harbor & Pine Home Goods, Inc.",+13125550193,true,wet_ink,true,false,paper_form_in_store
W0060,K0188,2024-11-12T11:38:00Z,"Harbor & Pine Home Goods, Inc.",+14805550158,true,wet_ink,true,true,paper_form_in_store
W0061,K0138,2024-11-21T06:57:00Z,"Harbor & Pine Home Goods, Inc.",+13055550167,true,electronic,true,true,web_checkout_form
W0062,K0217,2024-11-22T21:10:00Z,"Harbor & Pine Home Goods, Inc.",+16465550160,true,wet_ink,true,true,paper_form_in_store
W0063,K0248,2024-11-24T03:44:00Z,"Harbor & Pine Home Goods, Inc.",+12135550178,true,wet_ink,true,true,paper_form_in_store
W0064,K0002,2024-11-25T02:14:00Z,"Harbor & Pine Home Goods, Inc.",+16025550188,true,electronic,true,true,sms_keyword_double_opt_in_web_form
W0065,K0256,2024-11-29T18:20:00Z,"Harbor & Pine Home Goods, Inc.",+17875550144,true,wet_ink,true,true,paper_form_in_store
W0066,K0010,2024-12-13T12:26:00Z,"Harbor & Pine Home Goods, Inc.",+13125550149,true,wet_ink,true,true,paper_form_in_store
W0067,K0046,2024-12-15T22:46:00Z,"Harbor & Pine Home Goods, Inc.",+17185550176,true,electronic,true,true,web_checkout_form
W0068,K0227,2024-12-19T21:38:00Z,"Harbor & Pine Home Goods, Inc.",+13125550100,true,electronic,true,true,in_store_tablet
W0069,K0072,2024-12-21T04:11:00Z,"Harbor & Pine Home Goods, Inc.",+16465550157,true,electronic,true,true,web_checkout_form
W0070,K0092,2025-01-25T18:16:00Z,"Harbor & Pine Home Goods, Inc.",+12125550117,true,electronic,true,true,web_checkout_form
W0071,K0219,2025-01-28T10:55:00Z,"Harbor & Pine Home Goods, Inc.",+13175550140,true,electronic,true,true,in_store_tablet
W0072,K0147,2025-02-07T15:45:00Z,"Harbor & Pine Home Goods, Inc.",+14155550159,true,electronic,true,true,web_checkout_form
W0073,K0077,2025-02-20T16:33:00Z,"Harbor & Pine Home Goods, Inc.",+12125550180,true,electronic,true,true,web_checkout_form
W0074,K0123,2025-02-22T20:41:00Z,"Harbor & Pine Home Goods, Inc.",+13125550164,true,wet_ink,true,true,paper_form_in_store
W0075,K0228,2025-02-25T10:54:00Z,"Harbor & Pine Home Goods, Inc.",+12135550125,true,wet_ink,true,true,paper_form_in_store
W0076,K0135,2025-02-27T08:52:00Z,"Harbor & Pine Home Goods, Inc.",+13125550147,true,electronic,true,true,in_store_tablet
W0077,K0199,2025-03-02T09:14:00Z,"Harbor & Pine Home Goods, Inc.",+12025550117,true,electronic,true,false,web_checkout_form
W0078,K0043,2025-03-15T23:48:00Z,"Harbor & Pine Home Goods, Inc.",+16155550195,true,wet_ink,true,true,paper_form_in_store
W0079,K0027,2025-03-24T15:17:00Z,"Harbor & Pine Home Goods, Inc.",+12065550121,true,electronic,true,true,in_store_tablet
W0080,K0120,2025-04-01T15:57:00Z,"Harbor & Pine Home Goods, Inc.",+12135550106,true,electronic,true,true,web_checkout_form
W0081,K0254,2025-04-08T20:07:00Z,"Harbor & Pine Home Goods, Inc.",+12145550189,true,wet_ink,true,true,paper_form_in_store
W0082,K0167,2025-04-16T21:44:00Z,"Harbor & Pine Home Goods, Inc.",+12125550145,true,wet_ink,true,true,paper_form_in_store
W0083,K0136,2025-04-17T20:21:00Z,"Harbor & Pine Home Goods, Inc.",+12135550176,true,electronic,true,true,web_checkout_form
W0084,K0122,2025-04-24T13:33:00Z,"Harbor & Pine Home Goods, Inc.",+16175550136,true,electronic,true,true,sms_keyword_double_opt_in_web_form
W0085,K0094,2025-04-28T14:02:00Z,Harbor & Pine Outlet LLC,+19075550133,true,wet_ink,true,true,paper_form_in_store
W0086,K0044,2025-05-02T05:02:00Z,"Harbor & Pine Home Goods, Inc.",+15055550105,true,electronic,true,true,sms_keyword_double_opt_in_web_form
W0087,K0160,2025-05-11T16:11:00Z,"Harbor & Pine Home Goods, Inc.",+13035550131,false,none,true,true,phone_call_with_associate
W0088,K0006,2025-05-25T04:43:00Z,"Harbor & Pine Home Goods, Inc.",+12065550177,true,wet_ink,true,true,paper_form_in_store
W0089,K0086,2025-05-25T21:17:00Z,"Harbor & Pine Home Goods, Inc.",+13125550130,true,electronic,true,true,sms_keyword_double_opt_in_web_form
W0090,K0032,2025-05-26T15:19:00Z,"Harbor & Pine Home Goods, Inc.",+17025550179,true,wet_ink,true,true,paper_form_in_store
W0091,K0098,2025-05-27T22:07:00Z,Harbor & Pine Outlet LLC,+12125550192,true,electronic,true,true,in_store_tablet
W0092,K0210,2025-05-28T03:58:00Z,"Harbor & Pine Home Goods, Inc.",+14045550102,true,electronic,true,true,sms_keyword_double_opt_in_web_form
W0093,K0113,2025-05-29T11:55:00Z,"Harbor & Pine Home Goods, Inc.",+12135550137,true,electronic,true,true,web_checkout_form
W0094,K0143,2025-06-20T10:17:00Z,"Harbor & Pine Home Goods, Inc.",+17025550146,true,electronic,true,true,in_store_tablet
W0095,K0189,2025-06-29T00:34:00Z,"Harbor & Pine Home Goods, Inc.",+16025550158,true,wet_ink,true,true,paper_form_in_store
W0096,K0155,2025-07-06T16:19:00Z,"Harbor & Pine Home Goods, Inc.",+12125550110,true,electronic,true,false,sms_keyword_double_opt_in_web_form
W0097,K0075,2025-07-21T22:54:00Z,"Harbor & Pine Home Goods, Inc.",+12135550119,true,electronic,true,true,web_checkout_form
W0098,K0070,2025-07-30T00:41:00Z,"Harbor & Pine Home Goods, Inc.",+14155550195,true,wet_ink,true,true,paper_form_in_store
W0099,K0093,2025-07-31T01:50:00Z,"Harbor & Pine Home Goods, Inc.",+12135550173,true,wet_ink,true,true,paper_form_in_store
W0100,K0205,2025-08-02T15:49:00Z,"Harbor & Pine Home Goods, Inc.",+13125550106,true,electronic,true,true,in_store_tablet
W0101,K0114,2025-08-27T10:19:00Z,"Harbor & Pine Home Goods, Inc.",+12125550138,true,electronic,true,true,in_store_tablet
W0102,K0110,2025-09-22T06:19:00Z,"Harbor & Pine Home Goods, Inc.",+14155550147,true,electronic,true,true,web_checkout_form
W0103,K0166,2025-10-17T12:27:00Z,"Harbor & Pine Home Goods, Inc.",+14155550144,true,wet_ink,true,true,paper_form_in_store
W0104,K0236,2025-10-28T22:32:00Z,"Harbor & Pine Home Goods, Inc.",+12085550190,true,electronic,true,true,in_store_tablet
W0105,K0159,2025-10-29T23:45:00Z,"Harbor & Pine Home Goods, Inc.",+12135550154,true,electronic,true,true,web_checkout_form
W0106,K0220,2025-10-30T17:17:00Z,"Harbor & Pine Home Goods, Inc.",+13175550167,true,wet_ink,true,true,paper_form_in_store
W0107,K0153,2025-10-31T13:09:00Z,"Harbor & Pine Home Goods, Inc.",+14155550138,true,electronic,true,true,in_store_tablet
W0108,K0088,2025-11-07T22:04:00Z,"Harbor & Pine Home Goods, Inc.",+12065550189,true,electronic,true,true,web_checkout_form
W0109,K0214,2025-12-20T21:40:00Z,"Harbor & Pine Home Goods, Inc.",+13035550191,true,electronic,false,true,sms_keyword_double_opt_in_web_form
W0110,K0108,2026-01-15T15:02:00Z,"Harbor & Pine Home Goods, Inc.",+16465550137,true,wet_ink,true,true,paper_form_in_store
W0111,K0047,2026-01-16T17:13:00Z,"Harbor & Pine Home Goods, Inc.",+13125550184,true,none,true,true,web_newsletter_form
W0112,K0057,2026-01-22T11:38:00Z,"Pine Rewards Card Services, LLC",+16155550132,true,electronic,true,true,web_checkout_form
W0113,K0164,2026-01-24T11:35:00Z,"Harbor & Pine Home Goods, Inc.",+12085550104,true,electronic,true,true,sms_keyword_double_opt_in_web_form
W0114,K0073,2026-01-28T14:41:00Z,"Harbor & Pine Home Goods, Inc.",+12135550104,true,electronic,true,true,in_store_tablet
W0115,K0223,2026-02-02T12:01:00Z,"Harbor & Pine Home Goods, Inc.",+16155550172,true,wet_ink,false,true,paper_form_in_store
W0116,K0103,2026-02-05T06:01:00Z,"Harbor & Pine Home Goods, Inc.",+12135550164,true,wet_ink,true,true,paper_form_in_store
W0117,K0053,2026-02-14T23:59:00Z,"Harbor & Pine Home Goods, Inc.",+13035550101,true,electronic,true,true,sms_keyword_double_opt_in_web_form
W0118,K0119,2026-02-24T16:03:00Z,"Harbor & Pine Home Goods, Inc.",+19075550181,true,electronic,true,true,web_checkout_form
W0119,K0012,2026-03-04T18:24:00Z,"Harbor & Pine Home Goods, Inc.",+17135550120,true,wet_ink,true,true,paper_form_in_store
W0120,K0080,2026-03-24T03:03:00Z,"Harbor & Pine Home Goods, Inc.",+18085550133,true,electronic,true,true,web_checkout_form
W0121,K0259,2026-04-06T03:04:00Z,"Harbor & Pine Home Goods, Inc.",+13125550159,true,electronic,true,true,in_store_tablet
W0122,K0015,2026-04-07T03:40:00Z,"Harbor & Pine Home Goods, Inc.",+14045550125,true,electronic,true,true,web_checkout_form
W0123,K0233,2026-04-10T23:24:00Z,"Harbor & Pine Home Goods, Inc.",+12135550175,true,wet_ink,true,true,paper_form_in_store
W0124,K0238,2026-04-26T00:53:00Z,"Harbor & Pine Home Goods, Inc.",+12135550196,true,electronic,true,true,web_checkout_form
W0125,K0008,2026-04-30T01:07:00Z,"Harbor & Pine Home Goods, Inc.",+14045550170,true,wet_ink,true,true,paper_form_in_store
W0126,K0202,2026-05-11T13:53:00Z,"Pine Rewards Card Services, LLC",+12135550122,true,wet_ink,true,true,paper_form_in_store
W0127,K0116,2026-05-16T03:42:00Z,"Harbor & Pine Home Goods, Inc.",+14805550150,true,electronic,true,true,sms_keyword_double_opt_in_web_form
W0128,K0087,2026-06-06T10:03:00Z,"Harbor & Pine Home Goods, Inc.",+13125550151,false,none,true,true,phone_call_with_associate
W0129,K0244,2026-06-14T12:59:00Z,"Harbor & Pine Home Goods, Inc.",+12135550153,true,electronic,true,true,web_checkout_form
W0130,K0161,2026-06-17T01:11:00Z,"Harbor & Pine Home Goods, Inc.",+14045550165,true,electronic,true,true,sms_keyword_double_opt_in_web_form
W0131,K0237,2026-06-28T11:13:00Z,"Harbor & Pine Home Goods, Inc.",+14805550109,true,electronic,true,true,sms_keyword_double_opt_in_web_form
W0132,K0179,2026-07-01T21:11:00Z,"Harbor & Pine Home Goods, Inc.",+13055550112,true,wet_ink,true,true,paper_form_in_store
W0133,K0020,2026-07-07T03:16:00Z,"Harbor & Pine Home Goods, Inc.",+13055550156,true,electronic,true,true,in_store_tablet
W0134,K0177,2026-07-12T06:12:00Z,"Harbor & Pine Home Goods, Inc.",+13125550173,true,wet_ink,true,true,paper_form_in_store
W0135,K0186,2026-07-13T16:45:00Z,"Harbor & Pine Home Goods, Inc.",+17875550110,true,electronic,true,true,sms_keyword_double_opt_in_web_form
W0136,K0048,2026-07-22T20:37:00Z,"Harbor & Pine Home Goods, Inc.",+12125550115,true,wet_ink,true,true,paper_form_in_store
W0137,K0242,2026-08-01T10:15:00Z,"Harbor & Pine Home Goods, Inc.",+12065550195,true,wet_ink,false,true,paper_form_in_store
W0138,K0257,2026-08-17T14:23:00Z,"Harbor & Pine Home Goods, Inc.",+12135550149,true,electronic,false,true,web_checkout_form
W0139,K0007,2026-08-29T22:24:00Z,"Harbor & Pine Home Goods, Inc.",+14155550145,true,electronic,true,true,sms_keyword_double_opt_in_web_form
W0140,K0216,2026-09-04T03:20:00Z,"Harbor & Pine Home Goods, Inc.",+16025550125,true,electronic,true,true,web_checkout_form
W0141,K0041,2026-09-04T05:43:00Z,"Harbor & Pine Home Goods, Inc.",+13035550102,false,none,true,true,phone_call_with_associate
W0142,K0247,2026-09-16T20:14:00Z,"Harbor & Pine Home Goods, Inc.",+16125550171,true,electronic,true,true,in_store_tablet
