reply_id,contact_id,received_at,text
R0001,K0201,2020-09-09T22:41:00Z,unsubscribe
R0002,K0204,2021-10-29T16:20:00Z,Stop
R0003,K0157,2024-02-18T21:17:00Z,STOP
R0004,K0182,2024-10-13T15:27:00Z,End
R0005,K0092,2025-03-14T09:58:00Z,Revoke
R0006,K0027,2025-06-21T16:43:00Z,opt out
R0007,K0167,2025-08-05T03:06:00Z,Do not text this number again.
R0008,K0135,2025-08-18T00:02:00Z,What time do you open on Sunday?
R0009,K0210,2025-09-12T05:38:00Z,please stop texting me
R0010,K0076,2025-09-25T01:35:00Z,CANCEL
R0011,K0162,2025-10-06T03:22:00Z,Can I use this coupon online?
R0012,K0093,2025-10-07T22:47:00Z,Is the oak dining table back in stock?
R0013,K0236,2025-10-31T08:36:00Z,lol nice
R0014,K0187,2025-11-07T00:49:00Z,Love this sale
R0015,K0079,2025-11-07T08:50:00Z,Stop
R0016,K0105,2025-11-09T10:54:00Z,Thanks! See you Saturday
R0017,K0006,2025-11-27T17:50:00Z,STOP
R0018,K0088,2025-11-29T23:42:00Z,END
R0019,K0067,2025-12-01T11:49:00Z,Yes
R0020,K0226,2025-12-08T11:21:00Z,ok
R0021,K0151,2025-12-20T11:59:00Z,Is the oak dining table back in stock?
R0022,K0124,2025-12-27T05:28:00Z,What time do you open on Sunday?
R0023,K0072,2025-12-31T19:38:00Z,Thanks! See you Saturday
R0024,K0123,2026-01-02T11:15:00Z,Love this sale
R0025,K0235,2026-01-08T18:00:00Z,Is the oak dining table back in stock?
R0026,K0075,2026-01-23T14:50:00Z,ok
R0027,K0205,2026-02-05T02:10:00Z,Quit.
R0028,K0263,2026-02-14T22:07:00Z,lol nice
R0029,K0256,2026-03-15T23:54:00Z,Unsubscribe
R0030,K0183,2026-03-20T03:37:00Z,Love this sale
R0031,K0213,2026-03-26T16:14:00Z,ok
R0032,K0065,2026-03-31T01:30:00Z,Do you deliver to Tucson?
R0033,K0094,2026-04-11T22:10:00Z,What time do you open on Sunday?
R0034,K0137,2026-05-09T09:08:00Z,Thanks! See you Saturday
R0035,K0180,2026-05-10T18:56:00Z,ok
R0036,K0259,2026-05-18T10:14:00Z,Love this sale
R0037,K0174,2026-05-27T15:53:00Z,Love this sale
R0038,K0133,2026-06-03T05:10:00Z,Is the oak dining table back in stock?
R0039,K0251,2026-06-22T22:29:00Z,"Got it, thank you"
R0040,K0013,2026-06-29T17:59:00Z,Yes
R0041,K0189,2026-08-01T14:44:00Z,What time do you open on Sunday?
R0042,K0233,2026-08-04T15:56:00Z,Remove me from your list
R0043,K0120,2026-08-10T14:55:00Z,lol nice
R0044,K0217,2026-08-13T07:55:00Z,Thanks! See you Saturday
R0045,K0227,2026-08-17T11:04:00Z,Do you deliver to Tucson?
R0046,K0151,2026-08-18T23:37:00Z,stop
R0047,K0223,2026-08-31T00:40:00Z,Thanks! See you Saturday
R0048,K0256,2026-09-16T18:31:00Z,Do you deliver to Tucson?
R0049,K0008,2026-09-18T22:36:00Z,unsubscribe
R0050,K0099,2026-09-24T07:38:00Z,lol nice
R0051,K0136,2026-09-26T05:31:00Z,Unsubscribe
R0052,K0056,2026-10-02T18:00:00Z,STOP
R0053,K0026,2026-10-14T01:48:00Z,Is the oak dining table back in stock?
R0054,K0048,2026-10-18T02:49:00Z,Cancel
R0055,K0050,2026-10-18T14:40:00Z,Do you deliver to Tucson?
R0056,K0244,2026-10-25T12:00:00Z,Thanks! See you Saturday
