pallet_id,description,weight_lb,length_in
P001,steel coil on cradle,10520,60
P002,steel coil on cradle,10990,48
P003,paper rolls,5855,48
P004,steel coil on cradle,10340,60
P005,paper rolls,4840,48
P006,machinery skid,11045,96
P007,cast iron fittings,4275,48
P008,machinery skid,10210,120
P009,paper rolls,5340,48
P010,machinery skid,11680,120
P011,cast iron fittings,5700,40
P012,machinery skid,6680,144
P013,machinery skid,8380,120
P014,steel coil on cradle,9300,48
P015,machinery skid,8115,96
P016,steel coil on cradle,11022,48
P017,paper rolls,2785,48
P018,machinery skid,10674,144
P019,steel coil on cradle,8830,60
P020,steel coil on cradle,11555,48
P021,paper rolls,2800,48
P022,steel coil on cradle,9685,48
P023,machinery skid,12370,96
P024,machinery skid,12300,96
P025,cast iron fittings,5740,48
P026,cast iron fittings,8680,40
P027,steel coil on cradle,13340,60
P028,steel coil on cradle,14175,60
P029,paper rolls,3465,48
P030,steel coil on cradle,12280,48
P031,steel coil on cradle,12130,60
P032,steel coil on cradle,9155,60
P033,steel coil on cradle,12335,48
P034,cast iron fittings,4000,40
P035,cast iron fittings,4685,40
P036,machinery skid,12145,120
P037,paper rolls,3915,48
P038,steel coil on cradle,8110,48
P039,cast iron fittings,5260,40
P040,paper rolls,4075,48
P041,cast iron fittings,8810,40
P042,paper rolls,5289,48
P043,steel coil on cradle,15861,60
P044,steel coil on cradle,10930,60
P045,paper rolls,3926,48
P046,machinery skid,12375,96
P047,machinery skid,6711,120
P048,steel coil on cradle,10730,60
P049,cast iron fittings,5135,40
P050,steel coil on cradle,14495,60
P051,cast iron fittings,8505,48
P052,machinery skid,13850,120
P053,steel coil on cradle,10165,60
