duty_id,pilot_id,duty_type,report_station,report_local,release_station,release_local
D0001,JFK-C01,FDP,JFK,2026-02-09 09:45,JFK,2026-02-09 18:55
D0002,JFK-C01,FDP,JFK,2026-02-10 06:55,JFK,2026-02-10 14:00
D0003,JFK-C01,FDP,JFK,2026-02-11 08:00,JFK,2026-02-11 12:55
D0004,JFK-C01,FDP,JFK,2026-02-12 07:45,JFK,2026-02-12 12:40
D0005,JFK-C01,FDP,JFK,2026-02-16 06:45,JFK,2026-02-16 13:50
D0006,JFK-C01,FDP,JFK,2026-02-17 10:45,JFK,2026-02-17 17:50
D0007,JFK-C01,FDP,JFK,2026-02-18 05:50,JFK,2026-02-18 15:00
D0008,JFK-C01,FDP,JFK,2026-02-22 08:15,JFK,2026-02-22 16:40
D0009,JFK-C01,FDP,JFK,2026-02-23 10:15,JFK,2026-02-23 17:20
D0010,JFK-C01,FDP,JFK,2026-02-24 10:45,JFK,2026-02-24 17:50
D0011,JFK-C01,FDP,JFK,2026-02-28 06:15,JFK,2026-02-28 13:20
D0012,JFK-C01,FDP,JFK,2026-03-04 17:00,CDG,2026-03-05 07:55
D0013,JFK-C01,FDP,CDG,2026-03-07 10:00,CDG,2026-03-07 15:05
D0014,JFK-C01,FDP,CDG,2026-03-08 10:30,JFK,2026-03-08 15:25
D0015,JFK-C02,FDP,JFK,2026-02-09 10:30,JFK,2026-02-09 17:35
D0016,JFK-C02,FDP,JFK,2026-02-10 07:45,JFK,2026-02-10 16:10
D0017,JFK-C02,FDP,JFK,2026-02-11 07:15,JFK,2026-02-11 16:25
D0018,JFK-C02,FDP,JFK,2026-02-15 06:30,JFK,2026-02-15 11:25
D0019,JFK-C02,FDP,JFK,2026-02-16 07:30,JFK,2026-02-16 15:55
D0020,JFK-C02,FDP,JFK,2026-02-17 05:45,JFK,2026-02-17 12:50
D0021,JFK-C02,FDP,JFK,2026-02-21 05:30,JFK,2026-02-21 12:35
D0022,JFK-C02,FDP,JFK,2026-02-22 11:00,JFK,2026-02-22 20:10
D0023,JFK-C02,FDP,JFK,2026-02-23 11:45,JFK,2026-02-23 20:55
D0024,JFK-C02,FDP,JFK,2026-02-28 06:00,JFK,2026-02-28 13:05
D0025,JFK-C02,FDP,JFK,2026-03-01 09:45,JFK,2026-03-01 18:55
D0026,JFK-C02,FDP,JFK,2026-03-02 09:30,JFK,2026-03-02 17:55
D0027,JFK-C02,FDP,JFK,2026-03-06 18:00,CDG,2026-03-07 08:55
D0028,JFK-C02,FDP,CDG,2026-03-08 11:00,JFK,2026-03-08 15:55
D0029,JFK-C03,FDP,JFK,2026-02-09 09:45,JFK,2026-02-09 16:50
D0030,JFK-C03,FDP,JFK,2026-02-10 05:45,JFK,2026-02-10 14:55
D0031,JFK-C03,FDP,JFK,2026-02-11 07:30,JFK,2026-02-11 12:25
D0032,JFK-C03,FDP,JFK,2026-02-12 10:15,JFK,2026-02-12 17:20
D0033,JFK-C03,FDP,JFK,2026-02-13 09:45,JFK,2026-02-13 14:40
D0034,JFK-C03,FDP,JFK,2026-02-14 11:45,JFK,2026-02-14 16:40
D0035,JFK-C03,FDP,JFK,2026-02-18 10:30,JFK,2026-02-18 17:35
D0036,JFK-C03,FDP,JFK,2026-02-19 07:00,JFK,2026-02-19 14:05
D0037,JFK-C03,FDP,JFK,2026-02-20 10:45,JFK,2026-02-20 19:55
D0038,JFK-C03,FDP,JFK,2026-02-24 11:30,JFK,2026-02-24 16:25
D0039,JFK-C03,FDP,JFK,2026-02-25 09:30,JFK,2026-02-25 17:55
D0040,JFK-C03,FDP,JFK,2026-02-26 06:00,JFK,2026-02-26 13:05
D0041,JFK-C03,FDP,JFK,2026-03-03 16:30,FRA,2026-03-04 07:50
D0042,JFK-C03,FDP,FRA,2026-03-05 08:00,FRA,2026-03-05 12:50
D0043,JFK-C03,FDP,FRA,2026-03-06 08:00,FRA,2026-03-06 13:05
D0044,JFK-C03,FDP,FRA,2026-03-07 08:00,FRA,2026-03-07 12:50
D0045,JFK-C03,FDP,FRA,2026-03-08 09:30,JFK,2026-03-08 14:55
D0046,JFK-C04,FDP,CDG,2026-02-12 10:00,JFK,2026-02-12 13:55
D0047,JFK-C04,FDP,JFK,2026-02-15 09:30,JFK,2026-02-15 14:25
D0048,JFK-C04,FDP,JFK,2026-02-16 07:30,JFK,2026-02-16 14:35
D0049,JFK-C04,FDP,JFK,2026-02-17 07:00,JFK,2026-02-17 11:55
D0050,JFK-C04,FDP,JFK,2026-02-21 06:45,JFK,2026-02-21 15:55
D0051,JFK-C04,FDP,JFK,2026-02-22 05:45,JFK,2026-02-22 14:10
D0052,JFK-C04,FDP,JFK,2026-02-23 06:00,JFK,2026-02-23 10:55
D0053,JFK-C04,FDP,JFK,2026-02-28 10:15,JFK,2026-02-28 17:20
D0054,JFK-C04,FDP,JFK,2026-03-01 07:45,JFK,2026-03-01 14:50
D0055,JFK-C04,FDP,JFK,2026-03-02 09:00,JFK,2026-03-02 13:55
D0056,JFK-C04,FDP,JFK,2026-03-07 08:30,JFK,2026-03-07 13:25
D0057,JFK-C04,FDP,JFK,2026-03-10 17:00,CDG,2026-03-11 06:55
D0058,JFK-C05,FDP,JFK,2026-02-09 10:30,JFK,2026-02-09 15:25
D0059,JFK-C05,FDP,JFK,2026-02-10 09:45,JFK,2026-02-10 16:50
D0060,JFK-C05,FDP,JFK,2026-02-11 09:15,JFK,2026-02-11 18:25
D0061,JFK-C05,FDP,JFK,2026-02-12 10:45,JFK,2026-02-12 15:40
D0062,JFK-C05,FDP,JFK,2026-02-13 08:00,JFK,2026-02-13 12:55
D0063,JFK-C05,FDP,JFK,2026-02-17 07:45,JFK,2026-02-17 16:10
D0064,JFK-C05,FDP,JFK,2026-02-18 05:45,JFK,2026-02-18 12:50
D0065,JFK-C05,FDP,JFK,2026-02-19 05:45,JFK,2026-02-19 12:50
D0066,JFK-C05,FDP,JFK,2026-02-24 09:30,JFK,2026-02-24 16:35
D0067,JFK-C05,FDP,JFK,2026-02-25 05:00,JFK,2026-02-25 13:25
D0068,JFK-C05,FDP,JFK,2026-02-26 07:00,JFK,2026-02-26 11:55
D0069,JFK-C05,FDP,JFK,2026-03-02 09:45,JFK,2026-03-02 18:55
D0070,JFK-C05,FDP,JFK,2026-03-03 08:00,JFK,2026-03-03 16:25
D0071,JFK-C05,FDP,JFK,2026-03-04 11:00,JFK,2026-03-04 19:25
D0072,JFK-C06,FDP,JFK,2026-02-09 11:00,JFK,2026-02-09 18:05
D0073,JFK-C06,FDP,JFK,2026-02-10 11:00,JFK,2026-02-10 15:55
D0074,JFK-C06,FDP,JFK,2026-02-11 08:30,JFK,2026-02-11 13:25
D0075,JFK-C06,FDP,JFK,2026-02-12 06:30,JFK,2026-02-12 14:55
D0076,JFK-C06,FDP,JFK,2026-02-17 06:15,JFK,2026-02-17 15:25
D0077,JFK-C06,FDP,JFK,2026-02-18 07:30,JFK,2026-02-18 15:55
D0078,JFK-C06,FDP,JFK,2026-02-19 06:45,JFK,2026-02-19 15:55
D0079,JFK-C06,FDP,JFK,2026-02-23 05:00,JFK,2026-02-23 12:05
D0080,JFK-C06,FDP,JFK,2026-02-24 10:30,JFK,2026-02-24 15:25
D0081,JFK-C06,FDP,JFK,2026-02-25 06:00,JFK,2026-02-25 13:05
D0082,JFK-C06,FDP,JFK,2026-03-01 05:15,JFK,2026-03-01 13:40
D0083,JFK-C06,FDP,JFK,2026-03-02 09:30,JFK,2026-03-02 16:35
D0084,JFK-C06,FDP,JFK,2026-03-03 07:00,JFK,2026-03-03 11:55
D0085,JFK-C07,FDP,JFK,2026-02-09 05:30,JFK,2026-02-09 10:25
D0086,JFK-C07,FDP,JFK,2026-02-10 06:30,JFK,2026-02-10 11:25
D0087,JFK-C07,FDP,JFK,2026-02-11 09:00,JFK,2026-02-11 16:05
D0088,JFK-C07,FDP,JFK,2026-02-12 07:15,JFK,2026-02-12 15:40
D0089,JFK-C07,FDP,JFK,2026-02-17 07:45,JFK,2026-02-17 16:10
D0090,JFK-C07,FDP,JFK,2026-02-18 07:30,JFK,2026-02-18 14:35
D0091,JFK-C07,FDP,JFK,2026-02-19 11:30,JFK,2026-02-19 18:35
D0092,JFK-C07,FDP,JFK,2026-02-24 10:30,JFK,2026-02-24 18:55
D0093,JFK-C07,FDP,JFK,2026-02-25 07:15,JFK,2026-02-25 15:40
D0094,JFK-C07,FDP,JFK,2026-02-26 05:45,JFK,2026-02-26 10:40
D0095,JFK-C07,FDP,JFK,2026-03-03 11:15,JFK,2026-03-03 16:10
D0096,JFK-C07,FDP,JFK,2026-03-04 10:45,JFK,2026-03-04 15:40
D0097,JFK-C07,FDP,JFK,2026-03-05 09:15,JFK,2026-03-05 16:20
D0098,JFK-C08,FDP,JFK,2026-02-09 10:45,JFK,2026-02-09 15:40
D0099,JFK-C08,FDP,JFK,2026-02-10 05:15,JFK,2026-02-10 14:25
D0100,JFK-C08,FDP,JFK,2026-02-11 08:15,JFK,2026-02-11 13:10
D0101,JFK-C08,FDP,JFK,2026-02-15 05:00,JFK,2026-02-15 09:55
D0102,JFK-C08,FDP,JFK,2026-02-16 10:00,JFK,2026-02-16 14:55
D0103,JFK-C08,FDP,JFK,2026-02-17 07:15,JFK,2026-02-17 16:25
D0104,JFK-C08,FDP,JFK,2026-02-22 07:45,JFK,2026-02-22 12:40
D0105,JFK-C08,FDP,JFK,2026-02-23 09:45,JFK,2026-02-23 18:55
D0106,JFK-C08,FDP,JFK,2026-02-24 10:15,JFK,2026-02-24 19:25
D0107,JFK-C08,FDP,JFK,2026-02-28 11:00,JFK,2026-02-28 20:10
D0108,JFK-C08,FDP,JFK,2026-03-01 08:10,JFK,2026-03-01 16:35
D0109,JFK-C08,FDP,JFK,2026-03-02 08:45,JFK,2026-03-02 13:40
D0110,JFK-C08,FDP,JFK,2026-03-08 09:00,JFK,2026-03-09 03:00
D0111,JFK-F01,FDP,JFK,2026-02-09 11:45,JFK,2026-02-09 18:50
D0112,JFK-F01,FDP,JFK,2026-02-10 06:50,JFK,2026-02-10 11:45
D0113,JFK-F01,FDP,JFK,2026-02-11 05:00,JFK,2026-02-11 13:25
D0114,JFK-F01,FDP,JFK,2026-02-12 09:00,JFK,2026-02-12 13:55
D0115,JFK-F01,FDP,JFK,2026-02-13 10:15,JFK,2026-02-13 18:40
D0116,JFK-F01,FDP,JFK,2026-02-17 08:15,JFK,2026-02-17 16:40
D0117,JFK-F01,FDP,JFK,2026-02-18 10:15,JFK,2026-02-18 19:25
D0118,JFK-F01,FDP,JFK,2026-02-19 11:00,JFK,2026-02-19 18:05
D0119,JFK-F01,FDP,JFK,2026-02-23 09:45,JFK,2026-02-23 14:40
D0120,JFK-F01,FDP,JFK,2026-02-24 06:00,JFK,2026-02-24 13:05
D0121,JFK-F01,FDP,JFK,2026-02-25 11:45,JFK,2026-02-25 18:50
D0122,JFK-F01,FDP,JFK,2026-03-04 17:00,CDG,2026-03-05 07:55
D0123,JFK-F01,FDP,CDG,2026-03-07 10:00,CDG,2026-03-07 15:05
D0124,JFK-F01,FDP,CDG,2026-03-08 10:30,JFK,2026-03-08 15:25
D0125,JFK-F02,FDP,JFK,2026-02-09 06:15,JFK,2026-02-09 14:40
D0126,JFK-F02,FDP,JFK,2026-02-10 11:45,JFK,2026-02-10 20:10
D0127,JFK-F02,FDP,JFK,2026-02-11 11:45,JFK,2026-02-11 16:40
D0128,JFK-F02,FDP,JFK,2026-02-12 06:00,JFK,2026-02-12 15:10
D0129,JFK-F02,FDP,JFK,2026-02-17 07:45,JFK,2026-02-17 16:10
D0130,JFK-F02,FDP,JFK,2026-02-18 11:00,JFK,2026-02-18 20:10
D0131,JFK-F02,FDP,JFK,2026-02-19 08:10,JFK,2026-02-19 13:05
D0132,JFK-F02,FDP,JFK,2026-02-23 05:00,JFK,2026-02-23 12:05
D0133,JFK-F02,FDP,JFK,2026-02-24 09:30,JFK,2026-02-24 14:25
D0134,JFK-F02,FDP,JFK,2026-02-25 05:15,JFK,2026-02-25 10:10
D0135,JFK-F02,FDP,JFK,2026-03-02 11:15,JFK,2026-03-02 18:20
D0136,JFK-F02,FDP,JFK,2026-03-06 18:00,CDG,2026-03-07 08:55
D0137,JFK-F02,FDP,CDG,2026-03-08 11:00,JFK,2026-03-08 15:55
D0138,JFK-F03,FDP,JFK,2026-02-09 07:00,JFK,2026-02-09 14:05
D0139,JFK-F03,FDP,JFK,2026-02-10 09:15,JFK,2026-02-10 17:40
D0140,JFK-F03,FDP,JFK,2026-02-11 05:40,JFK,2026-02-11 12:45
D0141,JFK-F03,FDP,JFK,2026-02-12 07:30,JFK,2026-02-12 12:25
D0142,JFK-F03,FDP,JFK,2026-02-17 10:15,JFK,2026-02-17 15:10
D0143,JFK-F03,FDP,JFK,2026-02-18 09:45,JFK,2026-02-18 18:10
D0144,JFK-F03,FDP,JFK,2026-02-19 06:10,JFK,2026-02-19 11:05
D0145,JFK-F03,FDP,JFK,2026-02-24 07:15,JFK,2026-02-24 14:20
D0146,JFK-F03,FDP,JFK,2026-02-25 11:45,JFK,2026-02-25 20:55
D0147,JFK-F03,FDP,JFK,2026-02-26 11:00,JFK,2026-02-26 20:10
D0148,JFK-F03,FDP,JFK,2026-03-03 16:30,FRA,2026-03-04 07:50
D0149,JFK-F03,FDP,FRA,2026-03-05 08:00,FRA,2026-03-05 12:50
D0150,JFK-F03,FDP,FRA,2026-03-06 08:00,FRA,2026-03-06 13:05
D0151,JFK-F03,FDP,FRA,2026-03-07 08:00,FRA,2026-03-07 12:50
D0152,JFK-F03,FDP,FRA,2026-03-08 09:30,JFK,2026-03-08 14:55
D0153,JFK-F04,FDP,CDG,2026-02-12 10:00,JFK,2026-02-12 13:55
D0154,JFK-F04,FDP,JFK,2026-02-16 07:15,JFK,2026-02-16 14:20
D0155,JFK-F04,FDP,JFK,2026-02-17 06:30,JFK,2026-02-17 11:25
D0156,JFK-F04,FDP,JFK,2026-02-18 10:00,JFK,2026-02-18 14:55
D0157,JFK-F04,FDP,JFK,2026-02-23 11:45,JFK,2026-02-23 20:55
D0158,JFK-F04,FDP,JFK,2026-02-24 09:00,JFK,2026-02-24 18:10
D0159,JFK-F04,FDP,JFK,2026-02-25 07:00,JFK,2026-02-25 14:05
D0160,JFK-F04,FDP,JFK,2026-03-01 10:45,JFK,2026-03-01 15:40
D0161,JFK-F04,FDP,JFK,2026-03-02 09:30,JFK,2026-03-02 18:40
D0162,JFK-F04,FDP,JFK,2026-03-03 06:40,JFK,2026-03-03 11:35
D0163,JFK-F04,FDP,JFK,2026-03-10 17:00,CDG,2026-03-11 06:55
D0164,JFK-F05,FDP,JFK,2026-02-09 10:30,JFK,2026-02-09 15:25
D0165,JFK-F05,FDP,JFK,2026-02-10 08:45,JFK,2026-02-10 15:50
D0166,JFK-F05,FDP,JFK,2026-02-11 09:00,JFK,2026-02-11 16:05
D0167,JFK-F05,FDP,JFK,2026-02-12 10:00,JFK,2026-02-12 14:55
D0168,JFK-F05,FDP,JFK,2026-02-16 09:45,JFK,2026-02-16 14:40
D0169,JFK-F05,FDP,JFK,2026-02-17 08:00,JFK,2026-02-17 12:55
D0170,JFK-F05,FDP,JFK,2026-02-18 05:00,JFK,2026-02-18 14:10
D0171,JFK-F05,FDP,JFK,2026-02-22 05:45,JFK,2026-02-22 12:50
D0172,JFK-F05,FDP,JFK,2026-02-23 06:15,JFK,2026-02-23 11:10
D0173,JFK-F05,FDP,JFK,2026-02-24 08:30,JFK,2026-02-24 13:25
D0174,JFK-F05,FDP,JFK,2026-03-01 05:00,JFK,2026-03-01 09:55
D0175,JFK-F05,FDP,JFK,2026-03-02 08:00,JFK,2026-03-02 15:05
D0176,JFK-F05,FDP,JFK,2026-03-03 05:15,JFK,2026-03-03 10:10
D0177,JFK-F06,FDP,JFK,2026-02-09 09:15,JFK,2026-02-09 16:20
D0178,JFK-F06,FDP,JFK,2026-02-10 07:15,JFK,2026-02-10 12:10
D0179,JFK-F06,FDP,JFK,2026-02-11 06:30,JFK,2026-02-11 13:35
D0180,JFK-F06,FDP,JFK,2026-02-12 08:15,JFK,2026-02-12 13:10
D0181,JFK-F06,FDP,JFK,2026-02-13 08:45,JFK,2026-02-13 13:40
D0182,JFK-F06,FDP,JFK,2026-02-17 06:45,JFK,2026-02-17 15:55
D0183,JFK-F06,FDP,JFK,2026-02-18 10:45,JFK,2026-02-18 17:50
D0184,JFK-F06,FDP,JFK,2026-02-19 05:50,JFK,2026-02-19 12:55
D0185,JFK-F06,FDP,JFK,2026-02-24 09:15,JFK,2026-02-24 18:25
D0186,JFK-F06,FDP,JFK,2026-02-25 06:25,JFK,2026-02-25 13:30
D0187,JFK-F06,FDP,JFK,2026-02-26 05:15,JFK,2026-02-26 12:20
D0188,JFK-F06,FDP,JFK,2026-03-02 05:45,JFK,2026-03-02 14:55
D0189,JFK-F06,FDP,JFK,2026-03-03 10:15,JFK,2026-03-03 15:10
D0190,JFK-F06,FDP,JFK,2026-03-04 11:45,JFK,2026-03-04 20:10
D0191,JFK-F07,FDP,JFK,2026-02-09 09:00,JFK,2026-02-09 13:55
D0192,JFK-F07,FDP,JFK,2026-02-10 08:45,JFK,2026-02-10 13:40
D0193,JFK-F07,FDP,JFK,2026-02-11 07:00,JFK,2026-02-11 14:05
D0194,JFK-F07,FDP,JFK,2026-02-12 06:15,JFK,2026-02-12 13:20
D0195,JFK-F07,FDP,JFK,2026-02-13 08:45,JFK,2026-02-13 13:40
D0196,JFK-F07,FDP,JFK,2026-02-14 09:00,JFK,2026-02-14 18:10
D0197,JFK-F07,FDP,JFK,2026-02-18 05:30,JFK,2026-02-18 10:25
D0198,JFK-F07,FDP,JFK,2026-02-19 10:30,JFK,2026-02-19 15:25
D0199,JFK-F07,FDP,JFK,2026-02-20 07:45,JFK,2026-02-20 14:50
D0200,JFK-F07,FDP,JFK,2026-02-25 08:30,JFK,2026-02-25 16:55
D0201,JFK-F07,FDP,JFK,2026-02-26 05:45,JFK,2026-02-26 14:55
D0202,JFK-F07,FDP,JFK,2026-02-27 11:15,JFK,2026-02-27 16:10
D0203,JFK-F07,FDP,JFK,2026-03-03 08:15,JFK,2026-03-03 16:40
D0204,JFK-F07,FDP,JFK,2026-03-04 06:00,JFK,2026-03-04 10:55
D0205,JFK-F07,FDP,JFK,2026-03-05 05:00,JFK,2026-03-05 12:05
D0206,JFK-F08,FDP,JFK,2026-02-09 09:15,JFK,2026-02-09 14:10
D0207,JFK-F08,FDP,JFK,2026-02-10 09:30,JFK,2026-02-10 17:55
D0208,JFK-F08,FDP,JFK,2026-02-11 07:30,JFK,2026-02-11 14:35
D0209,JFK-F08,FDP,JFK,2026-02-16 11:15,JFK,2026-02-16 18:20
D0210,JFK-F08,FDP,JFK,2026-02-17 06:20,JFK,2026-02-17 15:30
D0211,JFK-F08,FDP,JFK,2026-02-18 05:45,JFK,2026-02-18 12:50
D0212,JFK-F08,FDP,JFK,2026-02-23 05:30,JFK,2026-02-23 10:25
D0213,JFK-F08,FDP,JFK,2026-02-24 11:15,JFK,2026-02-24 16:10
D0214,JFK-F08,FDP,JFK,2026-02-25 10:00,JFK,2026-02-25 17:05
D0215,JFK-F08,FDP,JFK,2026-03-01 08:30,JFK,2026-03-01 13:25
D0216,JFK-F08,FDP,JFK,2026-03-02 11:30,JFK,2026-03-02 18:35
D0217,JFK-F08,FDP,JFK,2026-03-03 10:30,JFK,2026-03-03 15:25
D0218,JFK-F08,FDP,JFK,2026-03-08 09:00,JFK,2026-03-09 03:00
D0219,ORD-C01,FDP,ORD,2026-02-09 07:30,ORD,2026-02-09 18:25
D0220,ORD-C01,FDP,ORD,2026-02-10 10:30,ORD,2026-02-10 17:50
D0221,ORD-C01,FDP,ORD,2026-02-11 05:50,ORD,2026-02-11 13:10
D0222,ORD-C01,FDP,ORD,2026-02-12 11:00,ORD,2026-02-12 21:55
D0223,ORD-C01,FDP,ORD,2026-02-13 09:55,ORD,2026-02-13 15:05
D0224,ORD-C01,FDP,ORD,2026-02-17 07:45,ORD,2026-02-17 14:10
D0225,ORD-C01,FDP,ORD,2026-02-18 05:15,ORD,2026-02-18 12:35
D0226,ORD-C01,FDP,ORD,2026-02-19 08:30,ORD,2026-02-19 19:25
D0227,ORD-C01,FDP,ORD,2026-02-24 09:00,ORD,2026-02-24 16:20
D0228,ORD-C01,FDP,ORD,2026-02-25 05:45,ORD,2026-02-25 13:05
D0229,ORD-C01,FDP,ORD,2026-02-26 07:15,ORD,2026-02-26 13:40
D0230,ORD-C01,OTHER,ORD,2026-02-28 12:00,ORD,2026-02-28 20:00
D0231,ORD-C01,OTHER,ORD,2026-03-03 11:00,ORD,2026-03-03 19:00
D0232,ORD-C01,FDP,ORD,2026-03-04 08:00,ORD,2026-03-04 15:20
D0233,ORD-C01,OTHER,ORD,2026-03-05 04:20,ORD,2026-03-05 12:20
D0234,ORD-C01,FDP,ORD,2026-03-06 01:20,ORD,2026-03-06 08:40
D0235,ORD-C01,OTHER,ORD,2026-03-06 21:40,ORD,2026-03-07 05:40
D0236,ORD-C01,FDP,ORD,2026-03-07 18:40,ORD,2026-03-08 03:00
D0237,ORD-C02,FDP,ORD,2026-02-09 05:45,ORD,2026-02-09 10:55
D0238,ORD-C02,FDP,ORD,2026-02-10 10:45,ORD,2026-02-10 17:10
D0239,ORD-C02,FDP,ORD,2026-02-11 06:30,ORD,2026-02-11 17:25
D0240,ORD-C02,FDP,ORD,2026-02-16 11:00,ORD,2026-02-16 18:20
D0241,ORD-C02,FDP,ORD,2026-02-17 08:15,ORD,2026-02-17 19:10
D0242,ORD-C02,FDP,ORD,2026-02-18 10:30,ORD,2026-02-18 17:50
D0243,ORD-C02,FDP,ORD,2026-02-23 06:45,ORD,2026-02-23 13:10
D0244,ORD-C02,FDP,ORD,2026-02-24 06:00,ORD,2026-02-24 13:20
D0245,ORD-C02,FDP,ORD,2026-02-25 10:45,ORD,2026-02-25 17:10
D0246,ORD-C02,FDP,ORD,2026-03-02 16:00,ORD,2026-03-03 04:00
D0247,ORD-C02,FDP,ORD,2026-03-04 07:00,ORD,2026-03-04 18:00
D0248,ORD-C02,FDP,ORD,2026-03-05 07:00,ORD,2026-03-05 18:00
D0249,ORD-C02,FDP,ORD,2026-03-06 07:00,ORD,2026-03-06 18:00
D0250,ORD-C02,FDP,ORD,2026-03-07 07:00,ORD,2026-03-07 18:00
D0251,ORD-C03,FDP,ORD,2026-02-09 06:00,ORD,2026-02-09 12:25
D0252,ORD-C03,FDP,ORD,2026-02-10 08:15,ORD,2026-02-10 19:10
D0253,ORD-C03,FDP,ORD,2026-02-11 11:15,ORD,2026-02-11 18:35
D0254,ORD-C03,FDP,ORD,2026-02-12 10:15,ORD,2026-02-12 17:35
D0255,ORD-C03,FDP,ORD,2026-02-16 06:45,ORD,2026-02-16 16:25
D0256,ORD-C03,FDP,ORD,2026-02-17 07:30,ORD,2026-02-17 14:50
D0257,ORD-C03,FDP,ORD,2026-02-18 05:45,ORD,2026-02-18 15:25
D0258,ORD-C03,FDP,ORD,2026-02-22 07:30,ORD,2026-02-22 13:55
D0259,ORD-C03,FDP,ORD,2026-02-23 08:15,ORD,2026-02-23 15:35
D0260,ORD-C03,FDP,ORD,2026-02-24 11:30,ORD,2026-02-24 18:50
D0261,ORD-C03,OTHER,ORD,2026-03-03 07:00,ORD,2026-03-03 17:00
D0262,ORD-C03,FDP,ORD,2026-03-04 06:00,ORD,2026-03-04 17:00
D0263,ORD-C03,FDP,ORD,2026-03-05 06:00,ORD,2026-03-05 17:00
D0264,ORD-C03,FDP,ORD,2026-03-06 06:00,ORD,2026-03-06 17:00
D0265,ORD-C03,FDP,ORD,2026-03-07 06:00,ORD,2026-03-07 17:00
D0266,ORD-C04,FDP,ORD,2026-02-09 04:30,ORD,2026-02-09 15:30
D0267,ORD-C04,FDP,ORD,2026-02-10 05:00,ORD,2026-02-10 16:00
D0268,ORD-C04,FDP,ORD,2026-02-11 05:00,ORD,2026-02-11 16:00
D0269,ORD-C04,FDP,ORD,2026-02-12 05:00,ORD,2026-02-12 16:00
D0270,ORD-C04,FDP,ORD,2026-02-13 05:00,ORD,2026-02-13 16:00
D0271,ORD-C04,FDP,ORD,2026-02-16 05:00,ORD,2026-02-16 16:00
D0272,ORD-C04,FDP,ORD,2026-02-17 05:00,ORD,2026-02-17 16:00
D0273,ORD-C04,FDP,ORD,2026-02-18 05:00,ORD,2026-02-18 16:00
D0274,ORD-C04,FDP,ORD,2026-02-19 05:00,ORD,2026-02-19 16:00
D0275,ORD-C04,FDP,ORD,2026-02-20 05:00,ORD,2026-02-20 16:00
D0276,ORD-C04,FDP,ORD,2026-02-23 05:00,ORD,2026-02-23 16:00
D0277,ORD-C04,FDP,ORD,2026-02-24 05:00,ORD,2026-02-24 12:20
D0278,ORD-C04,FDP,ORD,2026-02-25 05:00,ORD,2026-02-25 10:10
D0279,ORD-C05,FDP,ORD,2026-02-09 07:00,ORD,2026-02-09 16:40
D0280,ORD-C05,FDP,ORD,2026-02-10 05:45,ORD,2026-02-10 10:55
D0281,ORD-C05,FDP,ORD,2026-02-11 08:45,ORD,2026-02-11 18:25
D0282,ORD-C05,FDP,ORD,2026-02-12 09:00,ORD,2026-02-12 16:20
D0283,ORD-C05,FDP,ORD,2026-02-13 09:30,ORD,2026-02-13 14:40
D0284,ORD-C05,FDP,ORD,2026-02-17 07:15,ORD,2026-02-17 14:35
D0285,ORD-C05,FDP,ORD,2026-02-18 07:45,ORD,2026-02-18 12:55
D0286,ORD-C05,FDP,ORD,2026-02-19 06:30,ORD,2026-02-19 13:50
D0287,ORD-C05,FDP,ORD,2026-02-24 09:45,ORD,2026-02-24 17:05
D0288,ORD-C05,FDP,ORD,2026-02-25 10:30,ORD,2026-02-25 17:50
D0289,ORD-C05,FDP,ORD,2026-02-26 08:15,ORD,2026-02-26 19:10
D0290,ORD-C05,FDP,ORD,2026-03-03 10:15,ORD,2026-03-03 15:25
D0291,ORD-C05,FDP,ORD,2026-03-04 07:15,ORD,2026-03-04 18:10
D0292,ORD-C05,FDP,ORD,2026-03-05 07:45,ORD,2026-03-05 15:05
D0293,ORD-C06,FDP,ORD,2026-02-09 06:30,ORD,2026-02-09 13:50
D0294,ORD-C06,FDP,ORD,2026-02-10 07:15,ORD,2026-02-10 14:35
D0295,ORD-C06,FDP,ORD,2026-02-11 08:30,ORD,2026-02-11 13:40
D0296,ORD-C06,FDP,ORD,2026-02-12 07:45,ORD,2026-02-12 18:40
D0297,ORD-C06,FDP,ORD,2026-02-16 09:45,ORD,2026-02-16 16:10
D0298,ORD-C06,FDP,ORD,2026-02-17 07:15,ORD,2026-02-17 16:55
D0299,ORD-C06,FDP,ORD,2026-02-18 05:30,ORD,2026-02-18 12:50
D0300,ORD-C06,FDP,ORD,2026-02-22 09:15,ORD,2026-02-22 16:35
D0301,ORD-C06,FDP,ORD,2026-02-23 10:15,ORD,2026-02-23 19:55
D0302,ORD-C06,FDP,ORD,2026-02-24 10:00,ORD,2026-02-24 19:40
D0303,ORD-C06,FDP,ORD,2026-02-28 10:45,ORD,2026-02-28 18:05
D0304,ORD-C06,FDP,ORD,2026-03-01 08:30,ORD,2026-03-01 15:50
D0305,ORD-C06,FDP,ORD,2026-03-02 11:00,ORD,2026-03-02 21:55
D0306,ORD-C06,FDP,ORD,2026-03-07 05:00,ORD,2026-03-07 10:10
D0307,ORD-C07,FDP,ORD,2026-02-09 11:00,ORD,2026-02-09 17:25
D0308,ORD-C07,FDP,ORD,2026-02-10 08:00,ORD,2026-02-10 17:40
D0309,ORD-C07,FDP,ORD,2026-02-11 06:00,ORD,2026-02-11 13:20
D0310,ORD-C07,FDP,ORD,2026-02-15 10:45,ORD,2026-02-15 17:10
D0311,ORD-C07,FDP,ORD,2026-02-16 07:15,ORD,2026-02-16 13:40
D0312,ORD-C07,FDP,ORD,2026-02-17 05:00,ORD,2026-02-17 14:40
D0313,ORD-C07,FDP,ORD,2026-02-21 11:00,ORD,2026-02-21 18:20
D0314,ORD-C07,FDP,ORD,2026-02-22 10:15,ORD,2026-02-22 17:35
D0315,ORD-C07,FDP,ORD,2026-02-23 10:45,ORD,2026-02-23 21:40
D0316,ORD-C07,FDP,ORD,2026-02-27 09:30,ORD,2026-02-27 16:50
D0317,ORD-C07,FDP,ORD,2026-02-28 08:30,ORD,2026-02-28 13:40
D0318,ORD-C07,FDP,ORD,2026-03-01 06:00,ORD,2026-03-01 12:25
D0319,ORD-C07,FDP,ORD,2026-03-06 08:15,ORD,2026-03-06 19:10
D0320,ORD-F01,FDP,ORD,2026-02-09 08:45,ORD,2026-02-09 15:10
D0321,ORD-F01,FDP,ORD,2026-02-10 10:30,ORD,2026-02-10 17:50
D0322,ORD-F01,FDP,ORD,2026-02-11 06:00,ORD,2026-02-11 16:55
D0323,ORD-F01,FDP,ORD,2026-02-15 11:00,ORD,2026-02-15 17:25
D0324,ORD-F01,FDP,ORD,2026-02-16 11:15,ORD,2026-02-16 17:40
D0325,ORD-F01,FDP,ORD,2026-02-17 06:15,ORD,2026-02-17 11:25
D0326,ORD-F01,FDP,ORD,2026-02-22 09:30,ORD,2026-02-22 14:40
D0327,ORD-F01,FDP,ORD,2026-02-23 10:00,ORD,2026-02-23 19:40
D0328,ORD-F01,FDP,ORD,2026-02-24 07:40,ORD,2026-02-24 15:00
D0329,ORD-F01,OTHER,ORD,2026-02-28 12:00,ORD,2026-02-28 20:00
D0330,ORD-F01,OTHER,ORD,2026-03-03 11:00,ORD,2026-03-03 19:00
D0331,ORD-F01,FDP,ORD,2026-03-04 08:00,ORD,2026-03-04 15:20
D0332,ORD-F01,OTHER,ORD,2026-03-05 04:20,ORD,2026-03-05 12:20
D0333,ORD-F01,FDP,ORD,2026-03-06 01:20,ORD,2026-03-06 08:40
D0334,ORD-F01,OTHER,ORD,2026-03-06 21:40,ORD,2026-03-07 05:40
D0335,ORD-F01,FDP,ORD,2026-03-07 18:40,ORD,2026-03-08 03:00
D0336,ORD-F02,FDP,ORD,2026-02-09 05:00,ORD,2026-02-09 15:55
D0337,ORD-F02,FDP,ORD,2026-02-10 10:15,ORD,2026-02-10 19:55
D0338,ORD-F02,FDP,ORD,2026-02-11 07:55,ORD,2026-02-11 15:15
D0339,ORD-F02,FDP,ORD,2026-02-12 09:30,ORD,2026-02-12 16:50
D0340,ORD-F02,FDP,ORD,2026-02-13 08:30,ORD,2026-02-13 18:10
D0341,ORD-F02,FDP,ORD,2026-02-18 10:00,ORD,2026-02-18 17:20
D0342,ORD-F02,FDP,ORD,2026-02-19 11:00,ORD,2026-02-19 21:55
D0343,ORD-F02,FDP,ORD,2026-02-20 10:45,ORD,2026-02-20 21:40
D0344,ORD-F02,FDP,ORD,2026-02-25 06:45,ORD,2026-02-25 11:55
D0345,ORD-F02,FDP,ORD,2026-02-26 05:30,ORD,2026-02-26 10:40
D0346,ORD-F02,FDP,ORD,2026-02-27 07:30,ORD,2026-02-27 18:25
D0347,ORD-F02,FDP,ORD,2026-03-02 16:00,ORD,2026-03-03 04:00
D0348,ORD-F02,FDP,ORD,2026-03-04 07:00,ORD,2026-03-04 18:00
D0349,ORD-F02,FDP,ORD,2026-03-05 07:00,ORD,2026-03-05 18:00
D0350,ORD-F02,FDP,ORD,2026-03-06 07:00,ORD,2026-03-06 18:00
D0351,ORD-F02,FDP,ORD,2026-03-07 07:00,ORD,2026-03-07 18:00
D0352,ORD-F03,FDP,ORD,2026-02-09 10:15,ORD,2026-02-09 15:25
D0353,ORD-F03,FDP,ORD,2026-02-10 06:00,ORD,2026-02-10 15:40
D0354,ORD-F03,FDP,ORD,2026-02-11 06:45,ORD,2026-02-11 14:05
D0355,ORD-F03,FDP,ORD,2026-02-12 05:00,ORD,2026-02-12 14:40
D0356,ORD-F03,FDP,ORD,2026-02-13 09:45,ORD,2026-02-13 20:40
D0357,ORD-F03,FDP,ORD,2026-02-14 08:40,ORD,2026-02-14 15:05
D0358,ORD-F03,FDP,ORD,2026-02-19 11:00,ORD,2026-02-19 20:40
D0359,ORD-F03,FDP,ORD,2026-02-20 09:30,ORD,2026-02-20 19:10
D0360,ORD-F03,FDP,ORD,2026-02-21 08:45,ORD,2026-02-21 16:05
D0361,ORD-F03,FDP,ORD,2026-02-26 07:30,ORD,2026-02-26 18:25
D0362,ORD-F03,FDP,ORD,2026-02-27 07:45,ORD,2026-02-27 18:40
D0363,ORD-F03,FDP,ORD,2026-02-28 06:45,ORD,2026-02-28 17:40
D0364,ORD-F03,OTHER,ORD,2026-03-03 07:00,ORD,2026-03-03 17:00
D0365,ORD-F03,FDP,ORD,2026-03-04 06:00,ORD,2026-03-04 17:00
D0366,ORD-F03,FDP,ORD,2026-03-05 06:00,ORD,2026-03-05 17:00
D0367,ORD-F03,FDP,ORD,2026-03-06 06:00,ORD,2026-03-06 17:00
D0368,ORD-F03,FDP,ORD,2026-03-07 06:00,ORD,2026-03-07 17:00
D0369,ORD-F04,FDP,ORD,2026-02-09 04:30,ORD,2026-02-09 15:30
D0370,ORD-F04,FDP,ORD,2026-02-10 05:00,ORD,2026-02-10 16:00
D0371,ORD-F04,FDP,ORD,2026-02-11 05:00,ORD,2026-02-11 16:00
D0372,ORD-F04,FDP,ORD,2026-02-12 05:00,ORD,2026-02-12 16:00
D0373,ORD-F04,FDP,ORD,2026-02-13 05:00,ORD,2026-02-13 16:00
D0374,ORD-F04,FDP,ORD,2026-02-16 05:00,ORD,2026-02-16 16:00
D0375,ORD-F04,FDP,ORD,2026-02-17 05:00,ORD,2026-02-17 16:00
D0376,ORD-F04,FDP,ORD,2026-02-18 05:00,ORD,2026-02-18 16:00
D0377,ORD-F04,FDP,ORD,2026-02-19 05:00,ORD,2026-02-19 16:00
D0378,ORD-F04,FDP,ORD,2026-02-20 05:00,ORD,2026-02-20 16:00
D0379,ORD-F04,FDP,ORD,2026-02-23 05:00,ORD,2026-02-23 16:00
D0380,ORD-F04,FDP,ORD,2026-02-24 05:00,ORD,2026-02-24 12:20
D0381,ORD-F04,FDP,ORD,2026-02-25 05:00,ORD,2026-02-25 10:10
D0382,ORD-F05,FDP,ORD,2026-02-09 07:30,ORD,2026-02-09 14:50
D0383,ORD-F05,FDP,ORD,2026-02-10 10:15,ORD,2026-02-10 21:10
D0384,ORD-F05,FDP,ORD,2026-02-11 09:30,ORD,2026-02-11 20:25
D0385,ORD-F05,FDP,ORD,2026-02-12 08:25,ORD,2026-02-12 15:45
D0386,ORD-F05,FDP,ORD,2026-02-17 08:30,ORD,2026-02-17 19:25
D0387,ORD-F05,FDP,ORD,2026-02-18 10:00,ORD,2026-02-18 17:20
D0388,ORD-F05,FDP,ORD,2026-02-19 09:45,ORD,2026-02-19 14:55
D0389,ORD-F05,FDP,ORD,2026-02-23 09:00,ORD,2026-02-23 15:25
D0390,ORD-F05,FDP,ORD,2026-02-24 11:30,ORD,2026-02-24 18:50
D0391,ORD-F05,FDP,ORD,2026-02-25 09:15,ORD,2026-02-25 20:10
D0392,ORD-F05,FDP,ORD,2026-03-01 05:15,ORD,2026-03-01 11:40
D0393,ORD-F05,FDP,ORD,2026-03-02 10:00,ORD,2026-03-02 19:40
D0394,ORD-F05,FDP,ORD,2026-03-03 07:40,ORD,2026-03-03 15:00
D0395,ORD-F06,FDP,ORD,2026-02-09 07:15,ORD,2026-02-09 14:35
D0396,ORD-F06,FDP,ORD,2026-02-10 09:30,ORD,2026-02-10 15:55
D0397,ORD-F06,FDP,ORD,2026-02-11 08:30,ORD,2026-02-11 18:10
D0398,ORD-F06,FDP,ORD,2026-02-16 09:00,ORD,2026-02-16 19:55
D0399,ORD-F06,FDP,ORD,2026-02-17 07:55,ORD,2026-02-17 17:35
D0400,ORD-F06,FDP,ORD,2026-02-18 07:15,ORD,2026-02-18 18:10
D0401,ORD-F06,FDP,ORD,2026-02-22 11:00,ORD,2026-02-22 18:20
D0402,ORD-F06,FDP,ORD,2026-02-23 11:30,ORD,2026-02-23 22:25
D0403,ORD-F06,FDP,ORD,2026-02-24 10:25,ORD,2026-02-24 15:35
D0404,ORD-F06,FDP,ORD,2026-03-01 06:15,ORD,2026-03-01 13:35
D0405,ORD-F06,FDP,ORD,2026-03-02 11:00,ORD,2026-03-02 20:40
D0406,ORD-F06,FDP,ORD,2026-03-03 09:15,ORD,2026-03-03 14:25
D0407,ORD-F07,FDP,ORD,2026-02-09 11:00,ORD,2026-02-09 20:40
D0408,ORD-F07,FDP,ORD,2026-02-10 10:00,ORD,2026-02-10 16:25
D0409,ORD-F07,FDP,ORD,2026-02-11 08:45,ORD,2026-02-11 15:10
D0410,ORD-F07,FDP,ORD,2026-02-12 05:45,ORD,2026-02-12 12:10
D0411,ORD-F07,FDP,ORD,2026-02-13 08:45,ORD,2026-02-13 18:25
D0412,ORD-F07,FDP,ORD,2026-02-14 08:45,ORD,2026-02-14 18:25
D0413,ORD-F07,FDP,ORD,2026-02-19 07:15,ORD,2026-02-19 12:25
D0414,ORD-F07,FDP,ORD,2026-02-20 11:00,ORD,2026-02-20 16:10
D0415,ORD-F07,FDP,ORD,2026-02-21 09:30,ORD,2026-02-21 14:40
D0416,ORD-F07,FDP,ORD,2026-02-26 09:30,ORD,2026-02-26 20:25
D0417,ORD-F07,FDP,ORD,2026-02-27 09:30,ORD,2026-02-27 16:50
D0418,ORD-F07,FDP,ORD,2026-02-28 05:30,ORD,2026-02-28 12:50
D0419,ORD-F07,FDP,ORD,2026-03-05 07:15,ORD,2026-03-05 18:10
D0420,ORD-F07,FDP,ORD,2026-03-06 06:10,ORD,2026-03-06 13:30
