duty_id,leg_no,dep,arr,out_local,in_local
D0001,1,JFK,BOS,2026-02-09 10:45,2026-02-09 12:00
D0001,2,BOS,JFK,2026-02-09 12:50,2026-02-09 14:10
D0001,3,JFK,DCA,2026-02-09 15:00,2026-02-09 16:20
D0001,4,DCA,JFK,2026-02-09 17:10,2026-02-09 18:25
D0002,1,JFK,ATL,2026-02-10 07:55,2026-02-10 10:25
D0002,2,ATL,JFK,2026-02-10 11:15,2026-02-10 13:30
D0003,1,JFK,DCA,2026-02-11 09:00,2026-02-11 10:20
D0003,2,DCA,JFK,2026-02-11 11:10,2026-02-11 12:25
D0004,1,JFK,BOS,2026-02-12 08:45,2026-02-12 10:00
D0004,2,BOS,JFK,2026-02-12 10:50,2026-02-12 12:10
D0005,1,JFK,ORD,2026-02-16 07:45,2026-02-16 09:20
D0005,2,ORD,JFK,2026-02-16 10:10,2026-02-16 13:20
D0006,1,JFK,ORD,2026-02-17 11:45,2026-02-17 13:20
D0006,2,ORD,JFK,2026-02-17 14:10,2026-02-17 17:20
D0007,1,JFK,BOS,2026-02-18 06:50,2026-02-18 08:05
D0007,2,BOS,JFK,2026-02-18 08:55,2026-02-18 10:15
D0007,3,JFK,DCA,2026-02-18 11:05,2026-02-18 12:25
D0007,4,DCA,JFK,2026-02-18 13:15,2026-02-18 14:30
D0008,1,JFK,MIA,2026-02-22 09:15,2026-02-22 12:25
D0008,2,MIA,JFK,2026-02-22 13:15,2026-02-22 16:10
D0009,1,JFK,ORD,2026-02-23 11:15,2026-02-23 12:50
D0009,2,ORD,JFK,2026-02-23 13:40,2026-02-23 16:50
D0010,1,JFK,ORD,2026-02-24 11:45,2026-02-24 13:20
D0010,2,ORD,JFK,2026-02-24 14:10,2026-02-24 17:20
D0011,1,JFK,ATL,2026-02-28 07:15,2026-02-28 09:45
D0011,2,ATL,JFK,2026-02-28 10:35,2026-02-28 12:50
D0012,1,JFK,CDG,2026-03-04 18:00,2026-03-05 07:25
D0013,1,CDG,FRA,2026-03-07 11:00,2026-03-07 12:15
D0013,2,FRA,CDG,2026-03-07 13:15,2026-03-07 14:35
D0014,1,CDG,JFK,2026-03-08 11:30,2026-03-08 14:55
D0015,1,JFK,ATL,2026-02-09 11:30,2026-02-09 14:00
D0015,2,ATL,JFK,2026-02-09 14:50,2026-02-09 17:05
D0016,1,JFK,MIA,2026-02-10 08:45,2026-02-10 11:55
D0016,2,MIA,JFK,2026-02-10 12:45,2026-02-10 15:40
D0017,1,JFK,BOS,2026-02-11 08:15,2026-02-11 09:30
D0017,2,BOS,JFK,2026-02-11 10:20,2026-02-11 11:40
D0017,3,JFK,DCA,2026-02-11 12:30,2026-02-11 13:50
D0017,4,DCA,JFK,2026-02-11 14:40,2026-02-11 15:55
D0018,1,JFK,BOS,2026-02-15 07:30,2026-02-15 08:45
D0018,2,BOS,JFK,2026-02-15 09:35,2026-02-15 10:55
D0019,1,JFK,MIA,2026-02-16 08:30,2026-02-16 11:40
D0019,2,MIA,JFK,2026-02-16 12:30,2026-02-16 15:25
D0020,1,JFK,ATL,2026-02-17 06:45,2026-02-17 09:15
D0020,2,ATL,JFK,2026-02-17 10:05,2026-02-17 12:20
D0021,1,JFK,ORD,2026-02-21 06:30,2026-02-21 08:05
D0021,2,ORD,JFK,2026-02-21 08:55,2026-02-21 12:05
D0022,1,JFK,BOS,2026-02-22 12:00,2026-02-22 13:15
D0022,2,BOS,JFK,2026-02-22 14:05,2026-02-22 15:25
D0022,3,JFK,DCA,2026-02-22 16:15,2026-02-22 17:35
D0022,4,DCA,JFK,2026-02-22 18:25,2026-02-22 19:40
D0023,1,JFK,BOS,2026-02-23 12:45,2026-02-23 14:00
D0023,2,BOS,JFK,2026-02-23 14:50,2026-02-23 16:10
D0023,3,JFK,DCA,2026-02-23 17:00,2026-02-23 18:20
D0023,4,DCA,JFK,2026-02-23 19:10,2026-02-23 20:25
D0024,1,JFK,ORD,2026-02-28 07:00,2026-02-28 08:35
D0024,2,ORD,JFK,2026-02-28 09:25,2026-02-28 12:35
D0025,1,JFK,BOS,2026-03-01 10:45,2026-03-01 12:00
D0025,2,BOS,JFK,2026-03-01 12:50,2026-03-01 14:10
D0025,3,JFK,DCA,2026-03-01 15:00,2026-03-01 16:20
D0025,4,DCA,JFK,2026-03-01 17:10,2026-03-01 18:25
D0026,1,JFK,MIA,2026-03-02 10:30,2026-03-02 13:40
D0026,2,MIA,JFK,2026-03-02 14:30,2026-03-02 17:25
D0027,1,JFK,CDG,2026-03-06 19:00,2026-03-07 08:25
D0028,1,CDG,JFK,2026-03-08 12:00,2026-03-08 15:25
D0029,1,JFK,ATL,2026-02-09 10:45,2026-02-09 13:15
D0029,2,ATL,JFK,2026-02-09 14:05,2026-02-09 16:20
D0030,1,JFK,BOS,2026-02-10 06:45,2026-02-10 08:00
D0030,2,BOS,JFK,2026-02-10 08:50,2026-02-10 10:10
D0030,3,JFK,DCA,2026-02-10 11:00,2026-02-10 12:20
D0030,4,DCA,JFK,2026-02-10 13:10,2026-02-10 14:25
D0031,1,JFK,BOS,2026-02-11 08:30,2026-02-11 09:45
D0031,2,BOS,JFK,2026-02-11 10:35,2026-02-11 11:55
D0032,1,JFK,ATL,2026-02-12 11:15,2026-02-12 13:45
D0032,2,ATL,JFK,2026-02-12 14:35,2026-02-12 16:50
D0033,1,JFK,DCA,2026-02-13 10:45,2026-02-13 12:05
D0033,2,DCA,JFK,2026-02-13 12:55,2026-02-13 14:10
D0034,1,JFK,BOS,2026-02-14 12:45,2026-02-14 14:00
D0034,2,BOS,JFK,2026-02-14 14:50,2026-02-14 16:10
D0035,1,JFK,ORD,2026-02-18 11:30,2026-02-18 13:05
D0035,2,ORD,JFK,2026-02-18 13:55,2026-02-18 17:05
D0036,1,JFK,ATL,2026-02-19 08:00,2026-02-19 10:30
D0036,2,ATL,JFK,2026-02-19 11:20,2026-02-19 13:35
D0037,1,JFK,BOS,2026-02-20 11:45,2026-02-20 13:00
D0037,2,BOS,JFK,2026-02-20 13:50,2026-02-20 15:10
D0037,3,JFK,DCA,2026-02-20 16:00,2026-02-20 17:20
D0037,4,DCA,JFK,2026-02-20 18:10,2026-02-20 19:25
D0038,1,JFK,DCA,2026-02-24 12:30,2026-02-24 13:50
D0038,2,DCA,JFK,2026-02-24 14:40,2026-02-24 15:55
D0039,1,JFK,MIA,2026-02-25 10:30,2026-02-25 13:40
D0039,2,MIA,JFK,2026-02-25 14:30,2026-02-25 17:25
D0040,1,JFK,ATL,2026-02-26 07:00,2026-02-26 09:30
D0040,2,ATL,JFK,2026-02-26 10:20,2026-02-26 12:35
D0041,1,JFK,FRA,2026-03-03 17:30,2026-03-04 07:20
D0042,1,FRA,AMS,2026-03-05 09:00,2026-03-05 10:10
D0042,2,AMS,FRA,2026-03-05 11:10,2026-03-05 12:20
D0043,1,FRA,CDG,2026-03-06 09:00,2026-03-06 10:20
D0043,2,CDG,FRA,2026-03-06 11:20,2026-03-06 12:35
D0044,1,FRA,AMS,2026-03-07 09:00,2026-03-07 10:10
D0044,2,AMS,FRA,2026-03-07 11:10,2026-03-07 12:20
D0045,1,FRA,JFK,2026-03-08 10:30,2026-03-08 14:25
D0046,1,CDG,JFK,2026-02-12 11:00,2026-02-12 13:25
D0047,1,JFK,BOS,2026-02-15 10:30,2026-02-15 11:45
D0047,2,BOS,JFK,2026-02-15 12:35,2026-02-15 13:55
D0048,1,JFK,ORD,2026-02-16 08:30,2026-02-16 10:05
D0048,2,ORD,JFK,2026-02-16 10:55,2026-02-16 14:05
D0049,1,JFK,BOS,2026-02-17 08:00,2026-02-17 09:15
D0049,2,BOS,JFK,2026-02-17 10:05,2026-02-17 11:25
D0050,1,JFK,BOS,2026-02-21 07:45,2026-02-21 09:00
D0050,2,BOS,JFK,2026-02-21 09:50,2026-02-21 11:10
D0050,3,JFK,DCA,2026-02-21 12:00,2026-02-21 13:20
D0050,4,DCA,JFK,2026-02-21 14:10,2026-02-21 15:25
D0051,1,JFK,MIA,2026-02-22 06:45,2026-02-22 09:55
D0051,2,MIA,JFK,2026-02-22 10:45,2026-02-22 13:40
D0052,1,JFK,DCA,2026-02-23 07:00,2026-02-23 08:20
D0052,2,DCA,JFK,2026-02-23 09:10,2026-02-23 10:25
D0053,1,JFK,ORD,2026-02-28 11:15,2026-02-28 12:50
D0053,2,ORD,JFK,2026-02-28 13:40,2026-02-28 16:50
D0054,1,JFK,ORD,2026-03-01 08:45,2026-03-01 10:20
D0054,2,ORD,JFK,2026-03-01 11:10,2026-03-01 14:20
D0055,1,JFK,DCA,2026-03-02 10:00,2026-03-02 11:20
D0055,2,DCA,JFK,2026-03-02 12:10,2026-03-02 13:25
D0056,1,JFK,DCA,2026-03-07 09:30,2026-03-07 10:50
D0056,2,DCA,JFK,2026-03-07 11:40,2026-03-07 12:55
D0057,1,JFK,CDG,2026-03-10 18:00,2026-03-11 06:25
D0058,1,JFK,DCA,2026-02-09 11:30,2026-02-09 12:50
D0058,2,DCA,JFK,2026-02-09 13:40,2026-02-09 14:55
D0059,1,JFK,ATL,2026-02-10 10:45,2026-02-10 13:15
D0059,2,ATL,JFK,2026-02-10 14:05,2026-02-10 16:20
D0060,1,JFK,BOS,2026-02-11 10:15,2026-02-11 11:30
D0060,2,BOS,JFK,2026-02-11 12:20,2026-02-11 13:40
D0060,3,JFK,DCA,2026-02-11 14:30,2026-02-11 15:50
D0060,4,DCA,JFK,2026-02-11 16:40,2026-02-11 17:55
D0061,1,JFK,BOS,2026-02-12 11:45,2026-02-12 13:00
D0061,2,BOS,JFK,2026-02-12 13:50,2026-02-12 15:10
D0062,1,JFK,BOS,2026-02-13 09:00,2026-02-13 10:15
D0062,2,BOS,JFK,2026-02-13 11:05,2026-02-13 12:25
D0063,1,JFK,MIA,2026-02-17 08:45,2026-02-17 11:55
D0063,2,MIA,JFK,2026-02-17 12:45,2026-02-17 15:40
D0064,1,JFK,ATL,2026-02-18 06:45,2026-02-18 09:15
D0064,2,ATL,JFK,2026-02-18 10:05,2026-02-18 12:20
D0065,1,JFK,ORD,2026-02-19 06:45,2026-02-19 08:20
D0065,2,ORD,JFK,2026-02-19 09:10,2026-02-19 12:20
D0066,1,JFK,ATL,2026-02-24 10:30,2026-02-24 13:00
D0066,2,ATL,JFK,2026-02-24 13:50,2026-02-24 16:05
D0067,1,JFK,MIA,2026-02-25 06:00,2026-02-25 09:10
D0067,2,MIA,JFK,2026-02-25 10:00,2026-02-25 12:55
D0068,1,JFK,DCA,2026-02-26 08:00,2026-02-26 09:20
D0068,2,DCA,JFK,2026-02-26 10:10,2026-02-26 11:25
D0069,1,JFK,BOS,2026-03-02 10:45,2026-03-02 12:00
D0069,2,BOS,JFK,2026-03-02 12:50,2026-03-02 14:10
D0069,3,JFK,DCA,2026-03-02 15:00,2026-03-02 16:20
D0069,4,DCA,JFK,2026-03-02 17:10,2026-03-02 18:25
D0070,1,JFK,MIA,2026-03-03 09:00,2026-03-03 12:10
D0070,2,MIA,JFK,2026-03-03 13:00,2026-03-03 15:55
D0071,1,JFK,MIA,2026-03-04 12:00,2026-03-04 15:10
D0071,2,MIA,JFK,2026-03-04 16:00,2026-03-04 18:55
D0072,1,JFK,ATL,2026-02-09 12:00,2026-02-09 14:30
D0072,2,ATL,JFK,2026-02-09 15:20,2026-02-09 17:35
D0073,1,JFK,BOS,2026-02-10 12:00,2026-02-10 13:15
D0073,2,BOS,JFK,2026-02-10 14:05,2026-02-10 15:25
D0074,1,JFK,BOS,2026-02-11 09:30,2026-02-11 10:45
D0074,2,BOS,JFK,2026-02-11 11:35,2026-02-11 12:55
D0075,1,JFK,MIA,2026-02-12 07:30,2026-02-12 10:40
D0075,2,MIA,JFK,2026-02-12 11:30,2026-02-12 14:25
D0076,1,JFK,BOS,2026-02-17 07:15,2026-02-17 08:30
D0076,2,BOS,JFK,2026-02-17 09:20,2026-02-17 10:40
D0076,3,JFK,DCA,2026-02-17 11:30,2026-02-17 12:50
D0076,4,DCA,JFK,2026-02-17 13:40,2026-02-17 14:55
D0077,1,JFK,MIA,2026-02-18 08:30,2026-02-18 11:40
D0077,2,MIA,JFK,2026-02-18 12:30,2026-02-18 15:25
D0078,1,JFK,BOS,2026-02-19 07:45,2026-02-19 09:00
D0078,2,BOS,JFK,2026-02-19 09:50,2026-02-19 11:10
D0078,3,JFK,DCA,2026-02-19 12:00,2026-02-19 13:20
D0078,4,DCA,JFK,2026-02-19 14:10,2026-02-19 15:25
D0079,1,JFK,ORD,2026-02-23 06:00,2026-02-23 07:35
D0079,2,ORD,JFK,2026-02-23 08:25,2026-02-23 11:35
D0080,1,JFK,BOS,2026-02-24 11:30,2026-02-24 12:45
D0080,2,BOS,JFK,2026-02-24 13:35,2026-02-24 14:55
D0081,1,JFK,ATL,2026-02-25 07:00,2026-02-25 09:30
D0081,2,ATL,JFK,2026-02-25 10:20,2026-02-25 12:35
D0082,1,JFK,MIA,2026-03-01 06:15,2026-03-01 09:25
D0082,2,MIA,JFK,2026-03-01 10:15,2026-03-01 13:10
D0083,1,JFK,ORD,2026-03-02 10:30,2026-03-02 12:05
D0083,2,ORD,JFK,2026-03-02 12:55,2026-03-02 16:05
D0084,1,JFK,DCA,2026-03-03 08:00,2026-03-03 09:20
D0084,2,DCA,JFK,2026-03-03 10:10,2026-03-03 11:25
D0085,1,JFK,BOS,2026-02-09 06:30,2026-02-09 07:45
D0085,2,BOS,JFK,2026-02-09 08:35,2026-02-09 09:55
D0086,1,JFK,BOS,2026-02-10 07:30,2026-02-10 08:45
D0086,2,BOS,JFK,2026-02-10 09:35,2026-02-10 10:55
D0087,1,JFK,ORD,2026-02-11 10:00,2026-02-11 11:35
D0087,2,ORD,JFK,2026-02-11 12:25,2026-02-11 15:35
D0088,1,JFK,MIA,2026-02-12 08:15,2026-02-12 11:25
D0088,2,MIA,JFK,2026-02-12 12:15,2026-02-12 15:10
D0089,1,JFK,MIA,2026-02-17 08:45,2026-02-17 11:55
D0089,2,MIA,JFK,2026-02-17 12:45,2026-02-17 15:40
D0090,1,JFK,ATL,2026-02-18 08:30,2026-02-18 11:00
D0090,2,ATL,JFK,2026-02-18 11:50,2026-02-18 14:05
D0091,1,JFK,ORD,2026-02-19 12:30,2026-02-19 14:05
D0091,2,ORD,JFK,2026-02-19 14:55,2026-02-19 18:05
D0092,1,JFK,MIA,2026-02-24 11:30,2026-02-24 14:40
D0092,2,MIA,JFK,2026-02-24 15:30,2026-02-24 18:25
D0093,1,JFK,MIA,2026-02-25 08:15,2026-02-25 11:25
D0093,2,MIA,JFK,2026-02-25 12:15,2026-02-25 15:10
D0094,1,JFK,DCA,2026-02-26 06:45,2026-02-26 08:05
D0094,2,DCA,JFK,2026-02-26 08:55,2026-02-26 10:10
D0095,1,JFK,BOS,2026-03-03 12:15,2026-03-03 13:30
D0095,2,BOS,JFK,2026-03-03 14:20,2026-03-03 15:40
D0096,1,JFK,BOS,2026-03-04 11:45,2026-03-04 13:00
D0096,2,BOS,JFK,2026-03-04 13:50,2026-03-04 15:10
D0097,1,JFK,ORD,2026-03-05 10:15,2026-03-05 11:50
D0097,2,ORD,JFK,2026-03-05 12:40,2026-03-05 15:50
D0098,1,JFK,DCA,2026-02-09 11:45,2026-02-09 13:05
D0098,2,DCA,JFK,2026-02-09 13:55,2026-02-09 15:10
D0099,1,JFK,BOS,2026-02-10 06:15,2026-02-10 07:30
D0099,2,BOS,JFK,2026-02-10 08:20,2026-02-10 09:40
D0099,3,JFK,DCA,2026-02-10 10:30,2026-02-10 11:50
D0099,4,DCA,JFK,2026-02-10 12:40,2026-02-10 13:55
D0100,1,JFK,DCA,2026-02-11 09:15,2026-02-11 10:35
D0100,2,DCA,JFK,2026-02-11 11:25,2026-02-11 12:40
D0101,1,JFK,BOS,2026-02-15 06:00,2026-02-15 07:15
D0101,2,BOS,JFK,2026-02-15 08:05,2026-02-15 09:25
D0102,1,JFK,DCA,2026-02-16 11:00,2026-02-16 12:20
D0102,2,DCA,JFK,2026-02-16 13:10,2026-02-16 14:25
D0103,1,JFK,BOS,2026-02-17 08:15,2026-02-17 09:30
D0103,2,BOS,JFK,2026-02-17 10:20,2026-02-17 11:40
D0103,3,JFK,DCA,2026-02-17 12:30,2026-02-17 13:50
D0103,4,DCA,JFK,2026-02-17 14:40,2026-02-17 15:55
D0104,1,JFK,DCA,2026-02-22 08:45,2026-02-22 10:05
D0104,2,DCA,JFK,2026-02-22 10:55,2026-02-22 12:10
D0105,1,JFK,BOS,2026-02-23 10:45,2026-02-23 12:00
D0105,2,BOS,JFK,2026-02-23 12:50,2026-02-23 14:10
D0105,3,JFK,DCA,2026-02-23 15:00,2026-02-23 16:20
D0105,4,DCA,JFK,2026-02-23 17:10,2026-02-23 18:25
D0106,1,JFK,BOS,2026-02-24 11:15,2026-02-24 12:30
D0106,2,BOS,JFK,2026-02-24 13:20,2026-02-24 14:40
D0106,3,JFK,DCA,2026-02-24 15:30,2026-02-24 16:50
D0106,4,DCA,JFK,2026-02-24 17:40,2026-02-24 18:55
D0107,1,JFK,BOS,2026-02-28 12:00,2026-02-28 13:15
D0107,2,BOS,JFK,2026-02-28 14:05,2026-02-28 15:25
D0107,3,JFK,DCA,2026-02-28 16:15,2026-02-28 17:35
D0107,4,DCA,JFK,2026-02-28 18:25,2026-02-28 19:40
D0108,1,JFK,MIA,2026-03-01 09:10,2026-03-01 12:20
D0108,2,MIA,JFK,2026-03-01 13:10,2026-03-01 16:05
D0109,1,JFK,DCA,2026-03-02 09:45,2026-03-02 11:05
D0109,2,DCA,JFK,2026-03-02 11:55,2026-03-02 13:10
D0110,1,JFK,MIA,2026-03-08 10:00,2026-03-08 13:10
D0110,2,MIA,JFK,2026-03-08 14:00,2026-03-08 16:55
D0110,3,JFK,ATL,2026-03-08 20:55,2026-03-08 23:25
D0110,4,ATL,JFK,2026-03-09 00:15,2026-03-09 02:30
D0111,1,JFK,ATL,2026-02-09 12:45,2026-02-09 15:15
D0111,2,ATL,JFK,2026-02-09 16:05,2026-02-09 18:20
D0112,1,JFK,DCA,2026-02-10 07:50,2026-02-10 09:10
D0112,2,DCA,JFK,2026-02-10 10:00,2026-02-10 11:15
D0113,1,JFK,MIA,2026-02-11 06:00,2026-02-11 09:10
D0113,2,MIA,JFK,2026-02-11 10:00,2026-02-11 12:55
D0114,1,JFK,BOS,2026-02-12 10:00,2026-02-12 11:15
D0114,2,BOS,JFK,2026-02-12 12:05,2026-02-12 13:25
D0115,1,JFK,MIA,2026-02-13 11:15,2026-02-13 14:25
D0115,2,MIA,JFK,2026-02-13 15:15,2026-02-13 18:10
D0116,1,JFK,MIA,2026-02-17 09:15,2026-02-17 12:25
D0116,2,MIA,JFK,2026-02-17 13:15,2026-02-17 16:10
D0117,1,JFK,BOS,2026-02-18 11:15,2026-02-18 12:30
D0117,2,BOS,JFK,2026-02-18 13:20,2026-02-18 14:40
D0117,3,JFK,DCA,2026-02-18 15:30,2026-02-18 16:50
D0117,4,DCA,JFK,2026-02-18 17:40,2026-02-18 18:55
D0118,1,JFK,ATL,2026-02-19 12:00,2026-02-19 14:30
D0118,2,ATL,JFK,2026-02-19 15:20,2026-02-19 17:35
D0119,1,JFK,DCA,2026-02-23 10:45,2026-02-23 12:05
D0119,2,DCA,JFK,2026-02-23 12:55,2026-02-23 14:10
D0120,1,JFK,ATL,2026-02-24 07:00,2026-02-24 09:30
D0120,2,ATL,JFK,2026-02-24 10:20,2026-02-24 12:35
D0121,1,JFK,ATL,2026-02-25 12:45,2026-02-25 15:15
D0121,2,ATL,JFK,2026-02-25 16:05,2026-02-25 18:20
D0122,1,JFK,CDG,2026-03-04 18:00,2026-03-05 07:25
D0123,1,CDG,FRA,2026-03-07 11:00,2026-03-07 12:15
D0123,2,FRA,CDG,2026-03-07 13:15,2026-03-07 14:35
D0124,1,CDG,JFK,2026-03-08 11:30,2026-03-08 14:55
D0125,1,JFK,MIA,2026-02-09 07:15,2026-02-09 10:25
D0125,2,MIA,JFK,2026-02-09 11:15,2026-02-09 14:10
D0126,1,JFK,MIA,2026-02-10 12:45,2026-02-10 15:55
D0126,2,MIA,JFK,2026-02-10 16:45,2026-02-10 19:40
D0127,1,JFK,DCA,2026-02-11 12:45,2026-02-11 14:05
D0127,2,DCA,JFK,2026-02-11 14:55,2026-02-11 16:10
D0128,1,JFK,BOS,2026-02-12 07:00,2026-02-12 08:15
D0128,2,BOS,JFK,2026-02-12 09:05,2026-02-12 10:25
D0128,3,JFK,DCA,2026-02-12 11:15,2026-02-12 12:35
D0128,4,DCA,JFK,2026-02-12 13:25,2026-02-12 14:40
D0129,1,JFK,MIA,2026-02-17 08:45,2026-02-17 11:55
D0129,2,MIA,JFK,2026-02-17 12:45,2026-02-17 15:40
D0130,1,JFK,BOS,2026-02-18 12:00,2026-02-18 13:15
D0130,2,BOS,JFK,2026-02-18 14:05,2026-02-18 15:25
D0130,3,JFK,DCA,2026-02-18 16:15,2026-02-18 17:35
D0130,4,DCA,JFK,2026-02-18 18:25,2026-02-18 19:40
D0131,1,JFK,BOS,2026-02-19 09:10,2026-02-19 10:25
D0131,2,BOS,JFK,2026-02-19 11:15,2026-02-19 12:35
D0132,1,JFK,ORD,2026-02-23 06:00,2026-02-23 07:35
D0132,2,ORD,JFK,2026-02-23 08:25,2026-02-23 11:35
D0133,1,JFK,BOS,2026-02-24 10:30,2026-02-24 11:45
D0133,2,BOS,JFK,2026-02-24 12:35,2026-02-24 13:55
D0134,1,JFK,DCA,2026-02-25 06:15,2026-02-25 07:35
D0134,2,DCA,JFK,2026-02-25 08:25,2026-02-25 09:40
D0135,1,JFK,ORD,2026-03-02 12:15,2026-03-02 13:50
D0135,2,ORD,JFK,2026-03-02 14:40,2026-03-02 17:50
D0136,1,JFK,CDG,2026-03-06 19:00,2026-03-07 08:25
D0137,1,CDG,JFK,2026-03-08 12:00,2026-03-08 15:25
D0138,1,JFK,ORD,2026-02-09 08:00,2026-02-09 09:35
D0138,2,ORD,JFK,2026-02-09 10:25,2026-02-09 13:35
D0139,1,JFK,MIA,2026-02-10 10:15,2026-02-10 13:25
D0139,2,MIA,JFK,2026-02-10 14:15,2026-02-10 17:10
D0140,1,JFK,ATL,2026-02-11 06:40,2026-02-11 09:10
D0140,2,ATL,JFK,2026-02-11 10:00,2026-02-11 12:15
D0141,1,JFK,DCA,2026-02-12 08:30,2026-02-12 09:50
D0141,2,DCA,JFK,2026-02-12 10:40,2026-02-12 11:55
D0142,1,JFK,BOS,2026-02-17 11:15,2026-02-17 12:30
D0142,2,BOS,JFK,2026-02-17 13:20,2026-02-17 14:40
D0143,1,JFK,MIA,2026-02-18 10:45,2026-02-18 13:55
D0143,2,MIA,JFK,2026-02-18 14:45,2026-02-18 17:40
D0144,1,JFK,DCA,2026-02-19 07:10,2026-02-19 08:30
D0144,2,DCA,JFK,2026-02-19 09:20,2026-02-19 10:35
D0145,1,JFK,ORD,2026-02-24 08:15,2026-02-24 09:50
D0145,2,ORD,JFK,2026-02-24 10:40,2026-02-24 13:50
D0146,1,JFK,BOS,2026-02-25 12:45,2026-02-25 14:00
D0146,2,BOS,JFK,2026-02-25 14:50,2026-02-25 16:10
D0146,3,JFK,DCA,2026-02-25 17:00,2026-02-25 18:20
D0146,4,DCA,JFK,2026-02-25 19:10,2026-02-25 20:25
D0147,1,JFK,BOS,2026-02-26 12:00,2026-02-26 13:15
D0147,2,BOS,JFK,2026-02-26 14:05,2026-02-26 15:25
D0147,3,JFK,DCA,2026-02-26 16:15,2026-02-26 17:35
D0147,4,DCA,JFK,2026-02-26 18:25,2026-02-26 19:40
D0148,1,JFK,FRA,2026-03-03 17:30,2026-03-04 07:20
D0149,1,FRA,AMS,2026-03-05 09:00,2026-03-05 10:10
D0149,2,AMS,FRA,2026-03-05 11:10,2026-03-05 12:20
D0150,1,FRA,CDG,2026-03-06 09:00,2026-03-06 10:20
D0150,2,CDG,FRA,2026-03-06 11:20,2026-03-06 12:35
D0151,1,FRA,AMS,2026-03-07 09:00,2026-03-07 10:10
D0151,2,AMS,FRA,2026-03-07 11:10,2026-03-07 12:20
D0152,1,FRA,JFK,2026-03-08 10:30,2026-03-08 14:25
D0153,1,CDG,JFK,2026-02-12 11:00,2026-02-12 13:25
D0154,1,JFK,ORD,2026-02-16 08:15,2026-02-16 09:50
D0154,2,ORD,JFK,2026-02-16 10:40,2026-02-16 13:50
D0155,1,JFK,DCA,2026-02-17 07:30,2026-02-17 08:50
D0155,2,DCA,JFK,2026-02-17 09:40,2026-02-17 10:55
D0156,1,JFK,DCA,2026-02-18 11:00,2026-02-18 12:20
D0156,2,DCA,JFK,2026-02-18 13:10,2026-02-18 14:25
D0157,1,JFK,BOS,2026-02-23 12:45,2026-02-23 14:00
D0157,2,BOS,JFK,2026-02-23 14:50,2026-02-23 16:10
D0157,3,JFK,DCA,2026-02-23 17:00,2026-02-23 18:20
D0157,4,DCA,JFK,2026-02-23 19:10,2026-02-23 20:25
D0158,1,JFK,BOS,2026-02-24 10:00,2026-02-24 11:15
D0158,2,BOS,JFK,2026-02-24 12:05,2026-02-24 13:25
D0158,3,JFK,DCA,2026-02-24 14:15,2026-02-24 15:35
D0158,4,DCA,JFK,2026-02-24 16:25,2026-02-24 17:40
D0159,1,JFK,ATL,2026-02-25 08:00,2026-02-25 10:30
D0159,2,ATL,JFK,2026-02-25 11:20,2026-02-25 13:35
D0160,1,JFK,BOS,2026-03-01 11:45,2026-03-01 13:00
D0160,2,BOS,JFK,2026-03-01 13:50,2026-03-01 15:10
D0161,1,JFK,BOS,2026-03-02 10:30,2026-03-02 11:45
D0161,2,BOS,JFK,2026-03-02 12:35,2026-03-02 13:55
D0161,3,JFK,DCA,2026-03-02 14:45,2026-03-02 16:05
D0161,4,DCA,JFK,2026-03-02 16:55,2026-03-02 18:10
D0162,1,JFK,DCA,2026-03-03 07:40,2026-03-03 09:00
D0162,2,DCA,JFK,2026-03-03 09:50,2026-03-03 11:05
D0163,1,JFK,CDG,2026-03-10 18:00,2026-03-11 06:25
D0164,1,JFK,DCA,2026-02-09 11:30,2026-02-09 12:50
D0164,2,DCA,JFK,2026-02-09 13:40,2026-02-09 14:55
D0165,1,JFK,ATL,2026-02-10 09:45,2026-02-10 12:15
D0165,2,ATL,JFK,2026-02-10 13:05,2026-02-10 15:20
D0166,1,JFK,ORD,2026-02-11 10:00,2026-02-11 11:35
D0166,2,ORD,JFK,2026-02-11 12:25,2026-02-11 15:35
D0167,1,JFK,DCA,2026-02-12 11:00,2026-02-12 12:20
D0167,2,DCA,JFK,2026-02-12 13:10,2026-02-12 14:25
D0168,1,JFK,DCA,2026-02-16 10:45,2026-02-16 12:05
D0168,2,DCA,JFK,2026-02-16 12:55,2026-02-16 14:10
D0169,1,JFK,DCA,2026-02-17 09:00,2026-02-17 10:20
D0169,2,DCA,JFK,2026-02-17 11:10,2026-02-17 12:25
D0170,1,JFK,BOS,2026-02-18 06:00,2026-02-18 07:15
D0170,2,BOS,JFK,2026-02-18 08:05,2026-02-18 09:25
D0170,3,JFK,DCA,2026-02-18 10:15,2026-02-18 11:35
D0170,4,DCA,JFK,2026-02-18 12:25,2026-02-18 13:40
D0171,1,JFK,ATL,2026-02-22 06:45,2026-02-22 09:15
D0171,2,ATL,JFK,2026-02-22 10:05,2026-02-22 12:20
D0172,1,JFK,DCA,2026-02-23 07:15,2026-02-23 08:35
D0172,2,DCA,JFK,2026-02-23 09:25,2026-02-23 10:40
D0173,1,JFK,BOS,2026-02-24 09:30,2026-02-24 10:45
D0173,2,BOS,JFK,2026-02-24 11:35,2026-02-24 12:55
D0174,1,JFK,DCA,2026-03-01 06:00,2026-03-01 07:20
D0174,2,DCA,JFK,2026-03-01 08:10,2026-03-01 09:25
D0175,1,JFK,ORD,2026-03-02 09:00,2026-03-02 10:35
D0175,2,ORD,JFK,2026-03-02 11:25,2026-03-02 14:35
D0176,1,JFK,BOS,2026-03-03 06:15,2026-03-03 07:30
D0176,2,BOS,JFK,2026-03-03 08:20,2026-03-03 09:40
D0177,1,JFK,ATL,2026-02-09 10:15,2026-02-09 12:45
D0177,2,ATL,JFK,2026-02-09 13:35,2026-02-09 15:50
D0178,1,JFK,BOS,2026-02-10 08:15,2026-02-10 09:30
D0178,2,BOS,JFK,2026-02-10 10:20,2026-02-10 11:40
D0179,1,JFK,ORD,2026-02-11 07:30,2026-02-11 09:05
D0179,2,ORD,JFK,2026-02-11 09:55,2026-02-11 13:05
D0180,1,JFK,BOS,2026-02-12 09:15,2026-02-12 10:30
D0180,2,BOS,JFK,2026-02-12 11:20,2026-02-12 12:40
D0181,1,JFK,BOS,2026-02-13 09:45,2026-02-13 11:00
D0181,2,BOS,JFK,2026-02-13 11:50,2026-02-13 13:10
D0182,1,JFK,BOS,2026-02-17 07:45,2026-02-17 09:00
D0182,2,BOS,JFK,2026-02-17 09:50,2026-02-17 11:10
D0182,3,JFK,DCA,2026-02-17 12:00,2026-02-17 13:20
D0182,4,DCA,JFK,2026-02-17 14:10,2026-02-17 15:25
D0183,1,JFK,ATL,2026-02-18 11:45,2026-02-18 14:15
D0183,2,ATL,JFK,2026-02-18 15:05,2026-02-18 17:20
D0184,1,JFK,ATL,2026-02-19 06:50,2026-02-19 09:20
D0184,2,ATL,JFK,2026-02-19 10:10,2026-02-19 12:25
D0185,1,JFK,BOS,2026-02-24 10:15,2026-02-24 11:30
D0185,2,BOS,JFK,2026-02-24 12:20,2026-02-24 13:40
D0185,3,JFK,DCA,2026-02-24 14:30,2026-02-24 15:50
D0185,4,DCA,JFK,2026-02-24 16:40,2026-02-24 17:55
D0186,1,JFK,ATL,2026-02-25 07:25,2026-02-25 09:55
D0186,2,ATL,JFK,2026-02-25 10:45,2026-02-25 13:00
D0187,1,JFK,ORD,2026-02-26 06:15,2026-02-26 07:50
D0187,2,ORD,JFK,2026-02-26 08:40,2026-02-26 11:50
D0188,1,JFK,BOS,2026-03-02 06:45,2026-03-02 08:00
D0188,2,BOS,JFK,2026-03-02 08:50,2026-03-02 10:10
D0188,3,JFK,DCA,2026-03-02 11:00,2026-03-02 12:20
D0188,4,DCA,JFK,2026-03-02 13:10,2026-03-02 14:25
D0189,1,JFK,BOS,2026-03-03 11:15,2026-03-03 12:30
D0189,2,BOS,JFK,2026-03-03 13:20,2026-03-03 14:40
D0190,1,JFK,MIA,2026-03-04 12:45,2026-03-04 15:55
D0190,2,MIA,JFK,2026-03-04 16:45,2026-03-04 19:40
D0191,1,JFK,BOS,2026-02-09 10:00,2026-02-09 11:15
D0191,2,BOS,JFK,2026-02-09 12:05,2026-02-09 13:25
D0192,1,JFK,DCA,2026-02-10 09:45,2026-02-10 11:05
D0192,2,DCA,JFK,2026-02-10 11:55,2026-02-10 13:10
D0193,1,JFK,ORD,2026-02-11 08:00,2026-02-11 09:35
D0193,2,ORD,JFK,2026-02-11 10:25,2026-02-11 13:35
D0194,1,JFK,ATL,2026-02-12 07:15,2026-02-12 09:45
D0194,2,ATL,JFK,2026-02-12 10:35,2026-02-12 12:50
D0195,1,JFK,DCA,2026-02-13 09:45,2026-02-13 11:05
D0195,2,DCA,JFK,2026-02-13 11:55,2026-02-13 13:10
D0196,1,JFK,BOS,2026-02-14 10:00,2026-02-14 11:15
D0196,2,BOS,JFK,2026-02-14 12:05,2026-02-14 13:25
D0196,3,JFK,DCA,2026-02-14 14:15,2026-02-14 15:35
D0196,4,DCA,JFK,2026-02-14 16:25,2026-02-14 17:40
D0197,1,JFK,BOS,2026-02-18 06:30,2026-02-18 07:45
D0197,2,BOS,JFK,2026-02-18 08:35,2026-02-18 09:55
D0198,1,JFK,DCA,2026-02-19 11:30,2026-02-19 12:50
D0198,2,DCA,JFK,2026-02-19 13:40,2026-02-19 14:55
D0199,1,JFK,ATL,2026-02-20 08:45,2026-02-20 11:15
D0199,2,ATL,JFK,2026-02-20 12:05,2026-02-20 14:20
D0200,1,JFK,MIA,2026-02-25 09:30,2026-02-25 12:40
D0200,2,MIA,JFK,2026-02-25 13:30,2026-02-25 16:25
D0201,1,JFK,BOS,2026-02-26 06:45,2026-02-26 08:00
D0201,2,BOS,JFK,2026-02-26 08:50,2026-02-26 10:10
D0201,3,JFK,DCA,2026-02-26 11:00,2026-02-26 12:20
D0201,4,DCA,JFK,2026-02-26 13:10,2026-02-26 14:25
D0202,1,JFK,DCA,2026-02-27 12:15,2026-02-27 13:35
D0202,2,DCA,JFK,2026-02-27 14:25,2026-02-27 15:40
D0203,1,JFK,MIA,2026-03-03 09:15,2026-03-03 12:25
D0203,2,MIA,JFK,2026-03-03 13:15,2026-03-03 16:10
D0204,1,JFK,DCA,2026-03-04 07:00,2026-03-04 08:20
D0204,2,DCA,JFK,2026-03-04 09:10,2026-03-04 10:25
D0205,1,JFK,ORD,2026-03-05 06:00,2026-03-05 07:35
D0205,2,ORD,JFK,2026-03-05 08:25,2026-03-05 11:35
D0206,1,JFK,BOS,2026-02-09 10:15,2026-02-09 11:30
D0206,2,BOS,JFK,2026-02-09 12:20,2026-02-09 13:40
D0207,1,JFK,MIA,2026-02-10 10:30,2026-02-10 13:40
D0207,2,MIA,JFK,2026-02-10 14:30,2026-02-10 17:25
D0208,1,JFK,ATL,2026-02-11 08:30,2026-02-11 11:00
D0208,2,ATL,JFK,2026-02-11 11:50,2026-02-11 14:05
D0209,1,JFK,ATL,2026-02-16 12:15,2026-02-16 14:45
D0209,2,ATL,JFK,2026-02-16 15:35,2026-02-16 17:50
D0210,1,JFK,BOS,2026-02-17 07:20,2026-02-17 08:35
D0210,2,BOS,JFK,2026-02-17 09:25,2026-02-17 10:45
D0210,3,JFK,DCA,2026-02-17 11:35,2026-02-17 12:55
D0210,4,DCA,JFK,2026-02-17 13:45,2026-02-17 15:00
D0211,1,JFK,ATL,2026-02-18 06:45,2026-02-18 09:15
D0211,2,ATL,JFK,2026-02-18 10:05,2026-02-18 12:20
D0212,1,JFK,BOS,2026-02-23 06:30,2026-02-23 07:45
D0212,2,BOS,JFK,2026-02-23 08:35,2026-02-23 09:55
D0213,1,JFK,BOS,2026-02-24 12:15,2026-02-24 13:30
D0213,2,BOS,JFK,2026-02-24 14:20,2026-02-24 15:40
D0214,1,JFK,ORD,2026-02-25 11:00,2026-02-25 12:35
D0214,2,ORD,JFK,2026-02-25 13:25,2026-02-25 16:35
D0215,1,JFK,BOS,2026-03-01 09:30,2026-03-01 10:45
D0215,2,BOS,JFK,2026-03-01 11:35,2026-03-01 12:55
D0216,1,JFK,ATL,2026-03-02 12:30,2026-03-02 15:00
D0216,2,ATL,JFK,2026-03-02 15:50,2026-03-02 18:05
D0217,1,JFK,DCA,2026-03-03 11:30,2026-03-03 12:50
D0217,2,DCA,JFK,2026-03-03 13:40,2026-03-03 14:55
D0218,1,JFK,MIA,2026-03-08 10:00,2026-03-08 13:10
D0218,2,MIA,JFK,2026-03-08 14:00,2026-03-08 16:55
D0218,3,JFK,ATL,2026-03-08 20:55,2026-03-08 23:25
D0218,4,ATL,JFK,2026-03-09 00:15,2026-03-09 02:30
D0219,1,ORD,ATL,2026-02-09 08:30,2026-02-09 11:30
D0219,2,ATL,ORD,2026-02-09 12:20,2026-02-09 13:25
D0219,3,ORD,MSP,2026-02-09 14:15,2026-02-09 15:40
D0219,4,MSP,ORD,2026-02-09 16:30,2026-02-09 17:55
D0220,1,ORD,DEN,2026-02-10 11:30,2026-02-10 13:10
D0220,2,DEN,ORD,2026-02-10 14:00,2026-02-10 17:20
D0221,1,ORD,DEN,2026-02-11 06:50,2026-02-11 08:30
D0221,2,DEN,ORD,2026-02-11 09:20,2026-02-11 12:40
D0222,1,ORD,ATL,2026-02-12 12:00,2026-02-12 15:00
D0222,2,ATL,ORD,2026-02-12 15:50,2026-02-12 16:55
D0222,3,ORD,MSP,2026-02-12 17:45,2026-02-12 19:10
D0222,4,MSP,ORD,2026-02-12 20:00,2026-02-12 21:25
D0223,1,ORD,MSP,2026-02-13 10:55,2026-02-13 12:20
D0223,2,MSP,ORD,2026-02-13 13:10,2026-02-13 14:35
D0224,1,ORD,ATL,2026-02-17 08:45,2026-02-17 11:45
D0224,2,ATL,ORD,2026-02-17 12:35,2026-02-17 13:40
D0225,1,ORD,DEN,2026-02-18 06:15,2026-02-18 07:55
D0225,2,DEN,ORD,2026-02-18 08:45,2026-02-18 12:05
D0226,1,ORD,ATL,2026-02-19 09:30,2026-02-19 12:30
D0226,2,ATL,ORD,2026-02-19 13:20,2026-02-19 14:25
D0226,3,ORD,MSP,2026-02-19 15:15,2026-02-19 16:40
D0226,4,MSP,ORD,2026-02-19 17:30,2026-02-19 18:55
D0227,1,ORD,DEN,2026-02-24 10:00,2026-02-24 11:40
D0227,2,DEN,ORD,2026-02-24 12:30,2026-02-24 15:50
D0228,1,ORD,DEN,2026-02-25 06:45,2026-02-25 08:25
D0228,2,DEN,ORD,2026-02-25 09:15,2026-02-25 12:35
D0229,1,ORD,ATL,2026-02-26 08:15,2026-02-26 11:15
D0229,2,ATL,ORD,2026-02-26 12:05,2026-02-26 13:10
D0232,1,ORD,DEN,2026-03-04 09:00,2026-03-04 10:40
D0232,2,DEN,ORD,2026-03-04 11:30,2026-03-04 14:50
D0234,1,ORD,DEN,2026-03-06 02:20,2026-03-06 04:00
D0234,2,DEN,ORD,2026-03-06 04:50,2026-03-06 08:10
D0236,1,ORD,DEN,2026-03-07 19:40,2026-03-07 21:20
D0236,2,DEN,ORD,2026-03-07 22:10,2026-03-08 01:30
D0237,1,ORD,MSP,2026-02-09 06:45,2026-02-09 08:10
D0237,2,MSP,ORD,2026-02-09 09:00,2026-02-09 10:25
D0238,1,ORD,ATL,2026-02-10 11:45,2026-02-10 14:45
D0238,2,ATL,ORD,2026-02-10 15:35,2026-02-10 16:40
D0239,1,ORD,ATL,2026-02-11 07:30,2026-02-11 10:30
D0239,2,ATL,ORD,2026-02-11 11:20,2026-02-11 12:25
D0239,3,ORD,MSP,2026-02-11 13:15,2026-02-11 14:40
D0239,4,MSP,ORD,2026-02-11 15:30,2026-02-11 16:55
D0240,1,ORD,BOS,2026-02-16 12:00,2026-02-16 15:20
D0240,2,BOS,ORD,2026-02-16 16:10,2026-02-16 17:50
D0241,1,ORD,ATL,2026-02-17 09:15,2026-02-17 12:15
D0241,2,ATL,ORD,2026-02-17 13:05,2026-02-17 14:10
D0241,3,ORD,MSP,2026-02-17 15:00,2026-02-17 16:25
D0241,4,MSP,ORD,2026-02-17 17:15,2026-02-17 18:40
D0242,1,ORD,DEN,2026-02-18 11:30,2026-02-18 13:10
D0242,2,DEN,ORD,2026-02-18 14:00,2026-02-18 17:20
D0243,1,ORD,ATL,2026-02-23 07:45,2026-02-23 10:45
D0243,2,ATL,ORD,2026-02-23 11:35,2026-02-23 12:40
D0244,1,ORD,DEN,2026-02-24 07:00,2026-02-24 08:40
D0244,2,DEN,ORD,2026-02-24 09:30,2026-02-24 12:50
D0245,1,ORD,ATL,2026-02-25 11:45,2026-02-25 14:45
D0245,2,ATL,ORD,2026-02-25 15:35,2026-02-25 16:40
D0246,1,ORD,DEN,2026-03-02 17:00,2026-03-02 18:40
D0246,2,DEN,ORD,2026-03-02 19:30,2026-03-02 22:50
D0246,3,ORD,MSP,2026-03-02 23:50,2026-03-03 01:15
D0246,4,MSP,ORD,2026-03-03 02:05,2026-03-03 03:30
D0247,1,ORD,MSP,2026-03-04 08:00,2026-03-04 09:25
D0247,2,MSP,ORD,2026-03-04 10:15,2026-03-04 11:40
D0247,3,ORD,ATL,2026-03-04 12:35,2026-03-04 15:35
D0247,4,ATL,ORD,2026-03-04 16:25,2026-03-04 17:30
D0248,1,ORD,MSP,2026-03-05 08:00,2026-03-05 09:25
D0248,2,MSP,ORD,2026-03-05 10:15,2026-03-05 11:40
D0248,3,ORD,ATL,2026-03-05 12:35,2026-03-05 15:35
D0248,4,ATL,ORD,2026-03-05 16:25,2026-03-05 17:30
D0249,1,ORD,MSP,2026-03-06 08:00,2026-03-06 09:25
D0249,2,MSP,ORD,2026-03-06 10:15,2026-03-06 11:40
D0249,3,ORD,ATL,2026-03-06 12:35,2026-03-06 15:35
D0249,4,ATL,ORD,2026-03-06 16:25,2026-03-06 17:30
D0250,1,ORD,MSP,2026-03-07 08:00,2026-03-07 09:25
D0250,2,MSP,ORD,2026-03-07 10:15,2026-03-07 11:40
D0250,3,ORD,ATL,2026-03-07 12:35,2026-03-07 15:35
D0250,4,ATL,ORD,2026-03-07 16:25,2026-03-07 17:30
D0251,1,ORD,ATL,2026-02-09 07:00,2026-02-09 10:00
D0251,2,ATL,ORD,2026-02-09 10:50,2026-02-09 11:55
D0252,1,ORD,ATL,2026-02-10 09:15,2026-02-10 12:15
D0252,2,ATL,ORD,2026-02-10 13:05,2026-02-10 14:10
D0252,3,ORD,MSP,2026-02-10 15:00,2026-02-10 16:25
D0252,4,MSP,ORD,2026-02-10 17:15,2026-02-10 18:40
D0253,1,ORD,DEN,2026-02-11 12:15,2026-02-11 13:55
D0253,2,DEN,ORD,2026-02-11 14:45,2026-02-11 18:05
D0254,1,ORD,DEN,2026-02-12 11:15,2026-02-12 12:55
D0254,2,DEN,ORD,2026-02-12 13:45,2026-02-12 17:05
D0255,1,ORD,MSP,2026-02-16 07:45,2026-02-16 09:10
D0255,2,MSP,ORD,2026-02-16 10:00,2026-02-16 11:25
D0255,3,ORD,MSP,2026-02-16 12:15,2026-02-16 13:40
D0255,4,MSP,ORD,2026-02-16 14:30,2026-02-16 15:55
D0256,1,ORD,DEN,2026-02-17 08:30,2026-02-17 10:10
D0256,2,DEN,ORD,2026-02-17 11:00,2026-02-17 14:20
D0257,1,ORD,MSP,2026-02-18 06:45,2026-02-18 08:10
D0257,2,MSP,ORD,2026-02-18 09:00,2026-02-18 10:25
D0257,3,ORD,MSP,2026-02-18 11:15,2026-02-18 12:40
D0257,4,MSP,ORD,2026-02-18 13:30,2026-02-18 14:55
D0258,1,ORD,ATL,2026-02-22 08:30,2026-02-22 11:30
D0258,2,ATL,ORD,2026-02-22 12:20,2026-02-22 13:25
D0259,1,ORD,DEN,2026-02-23 09:15,2026-02-23 10:55
D0259,2,DEN,ORD,2026-02-23 11:45,2026-02-23 15:05
D0260,1,ORD,BOS,2026-02-24 12:30,2026-02-24 15:50
D0260,2,BOS,ORD,2026-02-24 16:40,2026-02-24 18:20
D0262,1,ORD,MSP,2026-03-04 07:00,2026-03-04 08:25
D0262,2,MSP,ORD,2026-03-04 09:15,2026-03-04 10:40
D0262,3,ORD,ATL,2026-03-04 11:35,2026-03-04 14:35
D0262,4,ATL,ORD,2026-03-04 15:25,2026-03-04 16:30
D0263,1,ORD,MSP,2026-03-05 07:00,2026-03-05 08:25
D0263,2,MSP,ORD,2026-03-05 09:15,2026-03-05 10:40
D0263,3,ORD,ATL,2026-03-05 11:35,2026-03-05 14:35
D0263,4,ATL,ORD,2026-03-05 15:25,2026-03-05 16:30
D0264,1,ORD,MSP,2026-03-06 07:00,2026-03-06 08:25
D0264,2,MSP,ORD,2026-03-06 09:15,2026-03-06 10:40
D0264,3,ORD,ATL,2026-03-06 11:35,2026-03-06 14:35
D0264,4,ATL,ORD,2026-03-06 15:25,2026-03-06 16:30
D0265,1,ORD,MSP,2026-03-07 07:00,2026-03-07 08:25
D0265,2,MSP,ORD,2026-03-07 09:15,2026-03-07 10:40
D0265,3,ORD,ATL,2026-03-07 11:35,2026-03-07 14:35
D0265,4,ATL,ORD,2026-03-07 15:25,2026-03-07 16:30
D0266,1,ORD,LAX,2026-02-09 05:30,2026-02-09 08:05
D0266,2,LAX,ORD,2026-02-09 08:55,2026-02-09 15:00
D0267,1,ORD,LAX,2026-02-10 06:00,2026-02-10 08:35
D0267,2,LAX,ORD,2026-02-10 09:25,2026-02-10 15:30
D0268,1,ORD,LAX,2026-02-11 06:00,2026-02-11 08:35
D0268,2,LAX,ORD,2026-02-11 09:25,2026-02-11 15:30
D0269,1,ORD,LAX,2026-02-12 06:00,2026-02-12 08:35
D0269,2,LAX,ORD,2026-02-12 09:25,2026-02-12 15:30
D0270,1,ORD,LAX,2026-02-13 06:00,2026-02-13 08:35
D0270,2,LAX,ORD,2026-02-13 09:25,2026-02-13 15:30
D0271,1,ORD,LAX,2026-02-16 06:00,2026-02-16 08:35
D0271,2,LAX,ORD,2026-02-16 09:25,2026-02-16 15:30
D0272,1,ORD,LAX,2026-02-17 06:00,2026-02-17 08:35
D0272,2,LAX,ORD,2026-02-17 09:25,2026-02-17 15:30
D0273,1,ORD,LAX,2026-02-18 06:00,2026-02-18 08:35
D0273,2,LAX,ORD,2026-02-18 09:25,2026-02-18 15:30
D0274,1,ORD,LAX,2026-02-19 06:00,2026-02-19 08:35
D0274,2,LAX,ORD,2026-02-19 09:25,2026-02-19 15:30
D0275,1,ORD,LAX,2026-02-20 06:00,2026-02-20 08:35
D0275,2,LAX,ORD,2026-02-20 09:25,2026-02-20 15:30
D0276,1,ORD,LAX,2026-02-23 06:00,2026-02-23 08:35
D0276,2,LAX,ORD,2026-02-23 09:25,2026-02-23 15:30
D0277,1,ORD,DEN,2026-02-24 06:00,2026-02-24 07:40
D0277,2,DEN,ORD,2026-02-24 08:30,2026-02-24 11:50
D0278,1,ORD,MSP,2026-02-25 06:00,2026-02-25 07:25
D0278,2,MSP,ORD,2026-02-25 08:15,2026-02-25 09:40
D0279,1,ORD,MSP,2026-02-09 08:00,2026-02-09 09:25
D0279,2,MSP,ORD,2026-02-09 10:15,2026-02-09 11:40
D0279,3,ORD,MSP,2026-02-09 12:30,2026-02-09 13:55
D0279,4,MSP,ORD,2026-02-09 14:45,2026-02-09 16:10
D0280,1,ORD,MSP,2026-02-10 06:45,2026-02-10 08:10
D0280,2,MSP,ORD,2026-02-10 09:00,2026-02-10 10:25
D0281,1,ORD,MSP,2026-02-11 09:45,2026-02-11 11:10
D0281,2,MSP,ORD,2026-02-11 12:00,2026-02-11 13:25
D0281,3,ORD,MSP,2026-02-11 14:15,2026-02-11 15:40
D0281,4,MSP,ORD,2026-02-11 16:30,2026-02-11 17:55
D0282,1,ORD,DEN,2026-02-12 10:00,2026-02-12 11:40
D0282,2,DEN,ORD,2026-02-12 12:30,2026-02-12 15:50
D0283,1,ORD,MSP,2026-02-13 10:30,2026-02-13 11:55
D0283,2,MSP,ORD,2026-02-13 12:45,2026-02-13 14:10
D0284,1,ORD,DEN,2026-02-17 08:15,2026-02-17 09:55
D0284,2,DEN,ORD,2026-02-17 10:45,2026-02-17 14:05
D0285,1,ORD,MSP,2026-02-18 08:45,2026-02-18 10:10
D0285,2,MSP,ORD,2026-02-18 11:00,2026-02-18 12:25
D0286,1,ORD,DEN,2026-02-19 07:30,2026-02-19 09:10
D0286,2,DEN,ORD,2026-02-19 10:00,2026-02-19 13:20
D0287,1,ORD,DEN,2026-02-24 10:45,2026-02-24 12:25
D0287,2,DEN,ORD,2026-02-24 13:15,2026-02-24 16:35
D0288,1,ORD,DEN,2026-02-25 11:30,2026-02-25 13:10
D0288,2,DEN,ORD,2026-02-25 14:00,2026-02-25 17:20
D0289,1,ORD,ATL,2026-02-26 09:15,2026-02-26 12:15
D0289,2,ATL,ORD,2026-02-26 13:05,2026-02-26 14:10
D0289,3,ORD,MSP,2026-02-26 15:00,2026-02-26 16:25
D0289,4,MSP,ORD,2026-02-26 17:15,2026-02-26 18:40
D0290,1,ORD,MSP,2026-03-03 11:15,2026-03-03 12:40
D0290,2,MSP,ORD,2026-03-03 13:30,2026-03-03 14:55
D0291,1,ORD,ATL,2026-03-04 08:15,2026-03-04 11:15
D0291,2,ATL,ORD,2026-03-04 12:05,2026-03-04 13:10
D0291,3,ORD,MSP,2026-03-04 14:00,2026-03-04 15:25
D0291,4,MSP,ORD,2026-03-04 16:15,2026-03-04 17:40
D0292,1,ORD,DEN,2026-03-05 08:45,2026-03-05 10:25
D0292,2,DEN,ORD,2026-03-05 11:15,2026-03-05 14:35
D0293,1,ORD,DEN,2026-02-09 07:30,2026-02-09 09:10
D0293,2,DEN,ORD,2026-02-09 10:00,2026-02-09 13:20
D0294,1,ORD,DEN,2026-02-10 08:15,2026-02-10 09:55
D0294,2,DEN,ORD,2026-02-10 10:45,2026-02-10 14:05
D0295,1,ORD,MSP,2026-02-11 09:30,2026-02-11 10:55
D0295,2,MSP,ORD,2026-02-11 11:45,2026-02-11 13:10
D0296,1,ORD,ATL,2026-02-12 08:45,2026-02-12 11:45
D0296,2,ATL,ORD,2026-02-12 12:35,2026-02-12 13:40
D0296,3,ORD,MSP,2026-02-12 14:30,2026-02-12 15:55
D0296,4,MSP,ORD,2026-02-12 16:45,2026-02-12 18:10
D0297,1,ORD,ATL,2026-02-16 10:45,2026-02-16 13:45
D0297,2,ATL,ORD,2026-02-16 14:35,2026-02-16 15:40
D0298,1,ORD,MSP,2026-02-17 08:15,2026-02-17 09:40
D0298,2,MSP,ORD,2026-02-17 10:30,2026-02-17 11:55
D0298,3,ORD,MSP,2026-02-17 12:45,2026-02-17 14:10
D0298,4,MSP,ORD,2026-02-17 15:00,2026-02-17 16:25
D0299,1,ORD,DEN,2026-02-18 06:30,2026-02-18 08:10
D0299,2,DEN,ORD,2026-02-18 09:00,2026-02-18 12:20
D0300,1,ORD,BOS,2026-02-22 10:15,2026-02-22 13:35
D0300,2,BOS,ORD,2026-02-22 14:25,2026-02-22 16:05
D0301,1,ORD,MSP,2026-02-23 11:15,2026-02-23 12:40
D0301,2,MSP,ORD,2026-02-23 13:30,2026-02-23 14:55
D0301,3,ORD,MSP,2026-02-23 15:45,2026-02-23 17:10
D0301,4,MSP,ORD,2026-02-23 18:00,2026-02-23 19:25
D0302,1,ORD,MSP,2026-02-24 11:00,2026-02-24 12:25
D0302,2,MSP,ORD,2026-02-24 13:15,2026-02-24 14:40
D0302,3,ORD,MSP,2026-02-24 15:30,2026-02-24 16:55
D0302,4,MSP,ORD,2026-02-24 17:45,2026-02-24 19:10
D0303,1,ORD,BOS,2026-02-28 11:45,2026-02-28 15:05
D0303,2,BOS,ORD,2026-02-28 15:55,2026-02-28 17:35
D0304,1,ORD,BOS,2026-03-01 09:30,2026-03-01 12:50
D0304,2,BOS,ORD,2026-03-01 13:40,2026-03-01 15:20
D0305,1,ORD,ATL,2026-03-02 12:00,2026-03-02 15:00
D0305,2,ATL,ORD,2026-03-02 15:50,2026-03-02 16:55
D0305,3,ORD,MSP,2026-03-02 17:45,2026-03-02 19:10
D0305,4,MSP,ORD,2026-03-02 20:00,2026-03-02 21:25
D0306,1,ORD,MSP,2026-03-07 06:00,2026-03-07 07:25
D0306,2,MSP,ORD,2026-03-07 08:15,2026-03-07 09:40
D0307,1,ORD,ATL,2026-02-09 12:00,2026-02-09 15:00
D0307,2,ATL,ORD,2026-02-09 15:50,2026-02-09 16:55
D0308,1,ORD,MSP,2026-02-10 09:00,2026-02-10 10:25
D0308,2,MSP,ORD,2026-02-10 11:15,2026-02-10 12:40
D0308,3,ORD,MSP,2026-02-10 13:30,2026-02-10 14:55
D0308,4,MSP,ORD,2026-02-10 15:45,2026-02-10 17:10
D0309,1,ORD,BOS,2026-02-11 07:00,2026-02-11 10:20
D0309,2,BOS,ORD,2026-02-11 11:10,2026-02-11 12:50
D0310,1,ORD,ATL,2026-02-15 11:45,2026-02-15 14:45
D0310,2,ATL,ORD,2026-02-15 15:35,2026-02-15 16:40
D0311,1,ORD,ATL,2026-02-16 08:15,2026-02-16 11:15
D0311,2,ATL,ORD,2026-02-16 12:05,2026-02-16 13:10
D0312,1,ORD,MSP,2026-02-17 06:00,2026-02-17 07:25
D0312,2,MSP,ORD,2026-02-17 08:15,2026-02-17 09:40
D0312,3,ORD,MSP,2026-02-17 10:30,2026-02-17 11:55
D0312,4,MSP,ORD,2026-02-17 12:45,2026-02-17 14:10
D0313,1,ORD,DEN,2026-02-21 12:00,2026-02-21 13:40
D0313,2,DEN,ORD,2026-02-21 14:30,2026-02-21 17:50
D0314,1,ORD,DEN,2026-02-22 11:15,2026-02-22 12:55
D0314,2,DEN,ORD,2026-02-22 13:45,2026-02-22 17:05
D0315,1,ORD,ATL,2026-02-23 11:45,2026-02-23 14:45
D0315,2,ATL,ORD,2026-02-23 15:35,2026-02-23 16:40
D0315,3,ORD,MSP,2026-02-23 17:30,2026-02-23 18:55
D0315,4,MSP,ORD,2026-02-23 19:45,2026-02-23 21:10
D0316,1,ORD,DEN,2026-02-27 10:30,2026-02-27 12:10
D0316,2,DEN,ORD,2026-02-27 13:00,2026-02-27 16:20
D0317,1,ORD,MSP,2026-02-28 09:30,2026-02-28 10:55
D0317,2,MSP,ORD,2026-02-28 11:45,2026-02-28 13:10
D0318,1,ORD,ATL,2026-03-01 07:00,2026-03-01 10:00
D0318,2,ATL,ORD,2026-03-01 10:50,2026-03-01 11:55
D0319,1,ORD,ATL,2026-03-06 09:15,2026-03-06 12:15
D0319,2,ATL,ORD,2026-03-06 13:05,2026-03-06 14:10
D0319,3,ORD,MSP,2026-03-06 15:00,2026-03-06 16:25
D0319,4,MSP,ORD,2026-03-06 17:15,2026-03-06 18:40
D0320,1,ORD,ATL,2026-02-09 09:45,2026-02-09 12:45
D0320,2,ATL,ORD,2026-02-09 13:35,2026-02-09 14:40
D0321,1,ORD,DEN,2026-02-10 11:30,2026-02-10 13:10
D0321,2,DEN,ORD,2026-02-10 14:00,2026-02-10 17:20
D0322,1,ORD,ATL,2026-02-11 07:00,2026-02-11 10:00
D0322,2,ATL,ORD,2026-02-11 10:50,2026-02-11 11:55
D0322,3,ORD,MSP,2026-02-11 12:45,2026-02-11 14:10
D0322,4,MSP,ORD,2026-02-11 15:00,2026-02-11 16:25
D0323,1,ORD,ATL,2026-02-15 12:00,2026-02-15 15:00
D0323,2,ATL,ORD,2026-02-15 15:50,2026-02-15 16:55
D0324,1,ORD,ATL,2026-02-16 12:15,2026-02-16 15:15
D0324,2,ATL,ORD,2026-02-16 16:05,2026-02-16 17:10
D0325,1,ORD,MSP,2026-02-17 07:15,2026-02-17 08:40
D0325,2,MSP,ORD,2026-02-17 09:30,2026-02-17 10:55
D0326,1,ORD,MSP,2026-02-22 10:30,2026-02-22 11:55
D0326,2,MSP,ORD,2026-02-22 12:45,2026-02-22 14:10
D0327,1,ORD,MSP,2026-02-23 11:00,2026-02-23 12:25
D0327,2,MSP,ORD,2026-02-23 13:15,2026-02-23 14:40
D0327,3,ORD,MSP,2026-02-23 15:30,2026-02-23 16:55
D0327,4,MSP,ORD,2026-02-23 17:45,2026-02-23 19:10
D0328,1,ORD,BOS,2026-02-24 08:40,2026-02-24 12:00
D0328,2,BOS,ORD,2026-02-24 12:50,2026-02-24 14:30
D0331,1,ORD,DEN,2026-03-04 09:00,2026-03-04 10:40
D0331,2,DEN,ORD,2026-03-04 11:30,2026-03-04 14:50
D0333,1,ORD,DEN,2026-03-06 02:20,2026-03-06 04:00
D0333,2,DEN,ORD,2026-03-06 04:50,2026-03-06 08:10
D0335,1,ORD,DEN,2026-03-07 19:40,2026-03-07 21:20
D0335,2,DEN,ORD,2026-03-07 22:10,2026-03-08 01:30
D0336,1,ORD,ATL,2026-02-09 06:00,2026-02-09 09:00
D0336,2,ATL,ORD,2026-02-09 09:50,2026-02-09 10:55
D0336,3,ORD,MSP,2026-02-09 11:45,2026-02-09 13:10
D0336,4,MSP,ORD,2026-02-09 14:00,2026-02-09 15:25
D0337,1,ORD,MSP,2026-02-10 11:15,2026-02-10 12:40
D0337,2,MSP,ORD,2026-02-10 13:30,2026-02-10 14:55
D0337,3,ORD,MSP,2026-02-10 15:45,2026-02-10 17:10
D0337,4,MSP,ORD,2026-02-10 18:00,2026-02-10 19:25
D0338,1,ORD,BOS,2026-02-11 08:55,2026-02-11 12:15
D0338,2,BOS,ORD,2026-02-11 13:05,2026-02-11 14:45
D0339,1,ORD,BOS,2026-02-12 10:30,2026-02-12 13:50
D0339,2,BOS,ORD,2026-02-12 14:40,2026-02-12 16:20
D0340,1,ORD,MSP,2026-02-13 09:30,2026-02-13 10:55
D0340,2,MSP,ORD,2026-02-13 11:45,2026-02-13 13:10
D0340,3,ORD,MSP,2026-02-13 14:00,2026-02-13 15:25
D0340,4,MSP,ORD,2026-02-13 16:15,2026-02-13 17:40
D0341,1,ORD,BOS,2026-02-18 11:00,2026-02-18 14:20
D0341,2,BOS,ORD,2026-02-18 15:10,2026-02-18 16:50
D0342,1,ORD,ATL,2026-02-19 12:00,2026-02-19 15:00
D0342,2,ATL,ORD,2026-02-19 15:50,2026-02-19 16:55
D0342,3,ORD,MSP,2026-02-19 17:45,2026-02-19 19:10
D0342,4,MSP,ORD,2026-02-19 20:00,2026-02-19 21:25
D0343,1,ORD,ATL,2026-02-20 11:45,2026-02-20 14:45
D0343,2,ATL,ORD,2026-02-20 15:35,2026-02-20 16:40
D0343,3,ORD,MSP,2026-02-20 17:30,2026-02-20 18:55
D0343,4,MSP,ORD,2026-02-20 19:45,2026-02-20 21:10
D0344,1,ORD,MSP,2026-02-25 07:45,2026-02-25 09:10
D0344,2,MSP,ORD,2026-02-25 10:00,2026-02-25 11:25
D0345,1,ORD,MSP,2026-02-26 06:30,2026-02-26 07:55
D0345,2,MSP,ORD,2026-02-26 08:45,2026-02-26 10:10
D0346,1,ORD,ATL,2026-02-27 08:30,2026-02-27 11:30
D0346,2,ATL,ORD,2026-02-27 12:20,2026-02-27 13:25
D0346,3,ORD,MSP,2026-02-27 14:15,2026-02-27 15:40
D0346,4,MSP,ORD,2026-02-27 16:30,2026-02-27 17:55
D0347,1,ORD,DEN,2026-03-02 17:00,2026-03-02 18:40
D0347,2,DEN,ORD,2026-03-02 19:30,2026-03-02 22:50
D0347,3,ORD,MSP,2026-03-02 23:50,2026-03-03 01:15
D0347,4,MSP,ORD,2026-03-03 02:05,2026-03-03 03:30
D0348,1,ORD,MSP,2026-03-04 08:00,2026-03-04 09:25
D0348,2,MSP,ORD,2026-03-04 10:15,2026-03-04 11:40
D0348,3,ORD,ATL,2026-03-04 12:35,2026-03-04 15:35
D0348,4,ATL,ORD,2026-03-04 16:25,2026-03-04 17:30
D0349,1,ORD,MSP,2026-03-05 08:00,2026-03-05 09:25
D0349,2,MSP,ORD,2026-03-05 10:15,2026-03-05 11:40
D0349,3,ORD,ATL,2026-03-05 12:35,2026-03-05 15:35
D0349,4,ATL,ORD,2026-03-05 16:25,2026-03-05 17:30
D0350,1,ORD,MSP,2026-03-06 08:00,2026-03-06 09:25
D0350,2,MSP,ORD,2026-03-06 10:15,2026-03-06 11:40
D0350,3,ORD,ATL,2026-03-06 12:35,2026-03-06 15:35
D0350,4,ATL,ORD,2026-03-06 16:25,2026-03-06 17:30
D0351,1,ORD,MSP,2026-03-07 08:00,2026-03-07 09:25
D0351,2,MSP,ORD,2026-03-07 10:15,2026-03-07 11:40
D0351,3,ORD,ATL,2026-03-07 12:35,2026-03-07 15:35
D0351,4,ATL,ORD,2026-03-07 16:25,2026-03-07 17:30
D0352,1,ORD,MSP,2026-02-09 11:15,2026-02-09 12:40
D0352,2,MSP,ORD,2026-02-09 13:30,2026-02-09 14:55
D0353,1,ORD,MSP,2026-02-10 07:00,2026-02-10 08:25
D0353,2,MSP,ORD,2026-02-10 09:15,2026-02-10 10:40
D0353,3,ORD,MSP,2026-02-10 11:30,2026-02-10 12:55
D0353,4,MSP,ORD,2026-02-10 13:45,2026-02-10 15:10
D0354,1,ORD,BOS,2026-02-11 07:45,2026-02-11 11:05
D0354,2,BOS,ORD,2026-02-11 11:55,2026-02-11 13:35
D0355,1,ORD,MSP,2026-02-12 06:00,2026-02-12 07:25
D0355,2,MSP,ORD,2026-02-12 08:15,2026-02-12 09:40
D0355,3,ORD,MSP,2026-02-12 10:30,2026-02-12 11:55
D0355,4,MSP,ORD,2026-02-12 12:45,2026-02-12 14:10
D0356,1,ORD,ATL,2026-02-13 10:45,2026-02-13 13:45
D0356,2,ATL,ORD,2026-02-13 14:35,2026-02-13 15:40
D0356,3,ORD,MSP,2026-02-13 16:30,2026-02-13 17:55
D0356,4,MSP,ORD,2026-02-13 18:45,2026-02-13 20:10
D0357,1,ORD,ATL,2026-02-14 09:40,2026-02-14 12:40
D0357,2,ATL,ORD,2026-02-14 13:30,2026-02-14 14:35
D0358,1,ORD,MSP,2026-02-19 12:00,2026-02-19 13:25
D0358,2,MSP,ORD,2026-02-19 14:15,2026-02-19 15:40
D0358,3,ORD,MSP,2026-02-19 16:30,2026-02-19 17:55
D0358,4,MSP,ORD,2026-02-19 18:45,2026-02-19 20:10
D0359,1,ORD,MSP,2026-02-20 10:30,2026-02-20 11:55
D0359,2,MSP,ORD,2026-02-20 12:45,2026-02-20 14:10
D0359,3,ORD,MSP,2026-02-20 15:00,2026-02-20 16:25
D0359,4,MSP,ORD,2026-02-20 17:15,2026-02-20 18:40
D0360,1,ORD,DEN,2026-02-21 09:45,2026-02-21 11:25
D0360,2,DEN,ORD,2026-02-21 12:15,2026-02-21 15:35
D0361,1,ORD,ATL,2026-02-26 08:30,2026-02-26 11:30
D0361,2,ATL,ORD,2026-02-26 12:20,2026-02-26 13:25
D0361,3,ORD,MSP,2026-02-26 14:15,2026-02-26 15:40
D0361,4,MSP,ORD,2026-02-26 16:30,2026-02-26 17:55
D0362,1,ORD,ATL,2026-02-27 08:45,2026-02-27 11:45
D0362,2,ATL,ORD,2026-02-27 12:35,2026-02-27 13:40
D0362,3,ORD,MSP,2026-02-27 14:30,2026-02-27 15:55
D0362,4,MSP,ORD,2026-02-27 16:45,2026-02-27 18:10
D0363,1,ORD,ATL,2026-02-28 07:45,2026-02-28 10:45
D0363,2,ATL,ORD,2026-02-28 11:35,2026-02-28 12:40
D0363,3,ORD,MSP,2026-02-28 13:30,2026-02-28 14:55
D0363,4,MSP,ORD,2026-02-28 15:45,2026-02-28 17:10
D0365,1,ORD,MSP,2026-03-04 07:00,2026-03-04 08:25
D0365,2,MSP,ORD,2026-03-04 09:15,2026-03-04 10:40
D0365,3,ORD,ATL,2026-03-04 11:35,2026-03-04 14:35
D0365,4,ATL,ORD,2026-03-04 15:25,2026-03-04 16:30
D0366,1,ORD,MSP,2026-03-05 07:00,2026-03-05 08:25
D0366,2,MSP,ORD,2026-03-05 09:15,2026-03-05 10:40
D0366,3,ORD,ATL,2026-03-05 11:35,2026-03-05 14:35
D0366,4,ATL,ORD,2026-03-05 15:25,2026-03-05 16:30
D0367,1,ORD,MSP,2026-03-06 07:00,2026-03-06 08:25
D0367,2,MSP,ORD,2026-03-06 09:15,2026-03-06 10:40
D0367,3,ORD,ATL,2026-03-06 11:35,2026-03-06 14:35
D0367,4,ATL,ORD,2026-03-06 15:25,2026-03-06 16:30
D0368,1,ORD,MSP,2026-03-07 07:00,2026-03-07 08:25
D0368,2,MSP,ORD,2026-03-07 09:15,2026-03-07 10:40
D0368,3,ORD,ATL,2026-03-07 11:35,2026-03-07 14:35
D0368,4,ATL,ORD,2026-03-07 15:25,2026-03-07 16:30
D0369,1,ORD,LAX,2026-02-09 05:30,2026-02-09 08:05
D0369,2,LAX,ORD,2026-02-09 08:55,2026-02-09 15:00
D0370,1,ORD,LAX,2026-02-10 06:00,2026-02-10 08:35
D0370,2,LAX,ORD,2026-02-10 09:25,2026-02-10 15:30
D0371,1,ORD,LAX,2026-02-11 06:00,2026-02-11 08:35
D0371,2,LAX,ORD,2026-02-11 09:25,2026-02-11 15:30
D0372,1,ORD,LAX,2026-02-12 06:00,2026-02-12 08:35
D0372,2,LAX,ORD,2026-02-12 09:25,2026-02-12 15:30
D0373,1,ORD,LAX,2026-02-13 06:00,2026-02-13 08:35
D0373,2,LAX,ORD,2026-02-13 09:25,2026-02-13 15:30
D0374,1,ORD,LAX,2026-02-16 06:00,2026-02-16 08:35
D0374,2,LAX,ORD,2026-02-16 09:25,2026-02-16 15:30
D0375,1,ORD,LAX,2026-02-17 06:00,2026-02-17 08:35
D0375,2,LAX,ORD,2026-02-17 09:25,2026-02-17 15:30
D0376,1,ORD,LAX,2026-02-18 06:00,2026-02-18 08:35
D0376,2,LAX,ORD,2026-02-18 09:25,2026-02-18 15:30
D0377,1,ORD,LAX,2026-02-19 06:00,2026-02-19 08:35
D0377,2,LAX,ORD,2026-02-19 09:25,2026-02-19 15:30
D0378,1,ORD,LAX,2026-02-20 06:00,2026-02-20 08:35
D0378,2,LAX,ORD,2026-02-20 09:25,2026-02-20 15:30
D0379,1,ORD,LAX,2026-02-23 06:00,2026-02-23 08:35
D0379,2,LAX,ORD,2026-02-23 09:25,2026-02-23 15:30
D0380,1,ORD,DEN,2026-02-24 06:00,2026-02-24 07:40
D0380,2,DEN,ORD,2026-02-24 08:30,2026-02-24 11:50
D0381,1,ORD,MSP,2026-02-25 06:00,2026-02-25 07:25
D0381,2,MSP,ORD,2026-02-25 08:15,2026-02-25 09:40
D0382,1,ORD,BOS,2026-02-09 08:30,2026-02-09 11:50
D0382,2,BOS,ORD,2026-02-09 12:40,2026-02-09 14:20
D0383,1,ORD,ATL,2026-02-10 11:15,2026-02-10 14:15
D0383,2,ATL,ORD,2026-02-10 15:05,2026-02-10 16:10
D0383,3,ORD,MSP,2026-02-10 17:00,2026-02-10 18:25
D0383,4,MSP,ORD,2026-02-10 19:15,2026-02-10 20:40
D0384,1,ORD,ATL,2026-02-11 10:30,2026-02-11 13:30
D0384,2,ATL,ORD,2026-02-11 14:20,2026-02-11 15:25
D0384,3,ORD,MSP,2026-02-11 16:15,2026-02-11 17:40
D0384,4,MSP,ORD,2026-02-11 18:30,2026-02-11 19:55
D0385,1,ORD,BOS,2026-02-12 09:25,2026-02-12 12:45
D0385,2,BOS,ORD,2026-02-12 13:35,2026-02-12 15:15
D0386,1,ORD,ATL,2026-02-17 09:30,2026-02-17 12:30
D0386,2,ATL,ORD,2026-02-17 13:20,2026-02-17 14:25
D0386,3,ORD,MSP,2026-02-17 15:15,2026-02-17 16:40
D0386,4,MSP,ORD,2026-02-17 17:30,2026-02-17 18:55
D0387,1,ORD,BOS,2026-02-18 11:00,2026-02-18 14:20
D0387,2,BOS,ORD,2026-02-18 15:10,2026-02-18 16:50
D0388,1,ORD,MSP,2026-02-19 10:45,2026-02-19 12:10
D0388,2,MSP,ORD,2026-02-19 13:00,2026-02-19 14:25
D0389,1,ORD,ATL,2026-02-23 10:00,2026-02-23 13:00
D0389,2,ATL,ORD,2026-02-23 13:50,2026-02-23 14:55
D0390,1,ORD,DEN,2026-02-24 12:30,2026-02-24 14:10
D0390,2,DEN,ORD,2026-02-24 15:00,2026-02-24 18:20
D0391,1,ORD,ATL,2026-02-25 10:15,2026-02-25 13:15
D0391,2,ATL,ORD,2026-02-25 14:05,2026-02-25 15:10
D0391,3,ORD,MSP,2026-02-25 16:00,2026-02-25 17:25
D0391,4,MSP,ORD,2026-02-25 18:15,2026-02-25 19:40
D0392,1,ORD,ATL,2026-03-01 06:15,2026-03-01 09:15
D0392,2,ATL,ORD,2026-03-01 10:05,2026-03-01 11:10
D0393,1,ORD,MSP,2026-03-02 11:00,2026-03-02 12:25
D0393,2,MSP,ORD,2026-03-02 13:15,2026-03-02 14:40
D0393,3,ORD,MSP,2026-03-02 15:30,2026-03-02 16:55
D0393,4,MSP,ORD,2026-03-02 17:45,2026-03-02 19:10
D0394,1,ORD,DEN,2026-03-03 08:40,2026-03-03 10:20
D0394,2,DEN,ORD,2026-03-03 11:10,2026-03-03 14:30
D0395,1,ORD,DEN,2026-02-09 08:15,2026-02-09 09:55
D0395,2,DEN,ORD,2026-02-09 10:45,2026-02-09 14:05
D0396,1,ORD,ATL,2026-02-10 10:30,2026-02-10 13:30
D0396,2,ATL,ORD,2026-02-10 14:20,2026-02-10 15:25
D0397,1,ORD,MSP,2026-02-11 09:30,2026-02-11 10:55
D0397,2,MSP,ORD,2026-02-11 11:45,2026-02-11 13:10
D0397,3,ORD,MSP,2026-02-11 14:00,2026-02-11 15:25
D0397,4,MSP,ORD,2026-02-11 16:15,2026-02-11 17:40
D0398,1,ORD,ATL,2026-02-16 10:00,2026-02-16 13:00
D0398,2,ATL,ORD,2026-02-16 13:50,2026-02-16 14:55
D0398,3,ORD,MSP,2026-02-16 15:45,2026-02-16 17:10
D0398,4,MSP,ORD,2026-02-16 18:00,2026-02-16 19:25
D0399,1,ORD,MSP,2026-02-17 08:55,2026-02-17 10:20
D0399,2,MSP,ORD,2026-02-17 11:10,2026-02-17 12:35
D0399,3,ORD,MSP,2026-02-17 13:25,2026-02-17 14:50
D0399,4,MSP,ORD,2026-02-17 15:40,2026-02-17 17:05
D0400,1,ORD,ATL,2026-02-18 08:15,2026-02-18 11:15
D0400,2,ATL,ORD,2026-02-18 12:05,2026-02-18 13:10
D0400,3,ORD,MSP,2026-02-18 14:00,2026-02-18 15:25
D0400,4,MSP,ORD,2026-02-18 16:15,2026-02-18 17:40
D0401,1,ORD,BOS,2026-02-22 12:00,2026-02-22 15:20
D0401,2,BOS,ORD,2026-02-22 16:10,2026-02-22 17:50
D0402,1,ORD,ATL,2026-02-23 12:30,2026-02-23 15:30
D0402,2,ATL,ORD,2026-02-23 16:20,2026-02-23 17:25
D0402,3,ORD,MSP,2026-02-23 18:15,2026-02-23 19:40
D0402,4,MSP,ORD,2026-02-23 20:30,2026-02-23 21:55
D0403,1,ORD,MSP,2026-02-24 11:25,2026-02-24 12:50
D0403,2,MSP,ORD,2026-02-24 13:40,2026-02-24 15:05
D0404,1,ORD,BOS,2026-03-01 07:15,2026-03-01 10:35
D0404,2,BOS,ORD,2026-03-01 11:25,2026-03-01 13:05
D0405,1,ORD,MSP,2026-03-02 12:00,2026-03-02 13:25
D0405,2,MSP,ORD,2026-03-02 14:15,2026-03-02 15:40
D0405,3,ORD,MSP,2026-03-02 16:30,2026-03-02 17:55
D0405,4,MSP,ORD,2026-03-02 18:45,2026-03-02 20:10
D0406,1,ORD,MSP,2026-03-03 10:15,2026-03-03 11:40
D0406,2,MSP,ORD,2026-03-03 12:30,2026-03-03 13:55
D0407,1,ORD,MSP,2026-02-09 12:00,2026-02-09 13:25
D0407,2,MSP,ORD,2026-02-09 14:15,2026-02-09 15:40
D0407,3,ORD,MSP,2026-02-09 16:30,2026-02-09 17:55
D0407,4,MSP,ORD,2026-02-09 18:45,2026-02-09 20:10
D0408,1,ORD,ATL,2026-02-10 11:00,2026-02-10 14:00
D0408,2,ATL,ORD,2026-02-10 14:50,2026-02-10 15:55
D0409,1,ORD,ATL,2026-02-11 09:45,2026-02-11 12:45
D0409,2,ATL,ORD,2026-02-11 13:35,2026-02-11 14:40
D0410,1,ORD,ATL,2026-02-12 06:45,2026-02-12 09:45
D0410,2,ATL,ORD,2026-02-12 10:35,2026-02-12 11:40
D0411,1,ORD,MSP,2026-02-13 09:45,2026-02-13 11:10
D0411,2,MSP,ORD,2026-02-13 12:00,2026-02-13 13:25
D0411,3,ORD,MSP,2026-02-13 14:15,2026-02-13 15:40
D0411,4,MSP,ORD,2026-02-13 16:30,2026-02-13 17:55
D0412,1,ORD,MSP,2026-02-14 09:45,2026-02-14 11:10
D0412,2,MSP,ORD,2026-02-14 12:00,2026-02-14 13:25
D0412,3,ORD,MSP,2026-02-14 14:15,2026-02-14 15:40
D0412,4,MSP,ORD,2026-02-14 16:30,2026-02-14 17:55
D0413,1,ORD,MSP,2026-02-19 08:15,2026-02-19 09:40
D0413,2,MSP,ORD,2026-02-19 10:30,2026-02-19 11:55
D0414,1,ORD,MSP,2026-02-20 12:00,2026-02-20 13:25
D0414,2,MSP,ORD,2026-02-20 14:15,2026-02-20 15:40
D0415,1,ORD,MSP,2026-02-21 10:30,2026-02-21 11:55
D0415,2,MSP,ORD,2026-02-21 12:45,2026-02-21 14:10
D0416,1,ORD,ATL,2026-02-26 10:30,2026-02-26 13:30
D0416,2,ATL,ORD,2026-02-26 14:20,2026-02-26 15:25
D0416,3,ORD,MSP,2026-02-26 16:15,2026-02-26 17:40
D0416,4,MSP,ORD,2026-02-26 18:30,2026-02-26 19:55
D0417,1,ORD,BOS,2026-02-27 10:30,2026-02-27 13:50
D0417,2,BOS,ORD,2026-02-27 14:40,2026-02-27 16:20
D0418,1,ORD,BOS,2026-02-28 06:30,2026-02-28 09:50
D0418,2,BOS,ORD,2026-02-28 10:40,2026-02-28 12:20
D0419,1,ORD,ATL,2026-03-05 08:15,2026-03-05 11:15
D0419,2,ATL,ORD,2026-03-05 12:05,2026-03-05 13:10
D0419,3,ORD,MSP,2026-03-05 14:00,2026-03-05 15:25
D0419,4,MSP,ORD,2026-03-05 16:15,2026-03-05 17:40
D0420,1,ORD,BOS,2026-03-06 07:10,2026-03-06 10:30
D0420,2,BOS,ORD,2026-03-06 11:20,2026-03-06 13:00
