trip_id,base,seat,equipment,report_local,release_local
JC01,JFK,CA,A321,2026-03-09 06:30,2026-03-09 19:45
JC02,JFK,CA,A321,2026-03-09 07:00,2026-03-09 20:00
JC03,JFK,CA,A321,2026-03-09 13:00,2026-03-10 00:30
JC04,JFK,CA,A321,2026-03-09 21:00,2026-03-10 02:00
JC05,JFK,CA,A321,2026-03-09 20:15,2026-03-10 07:00
JC06,JFK,CA,A321,2026-03-09 05:30,2026-03-09 17:15
JC07,JFK,CA,A321,2026-03-09 09:00,2026-03-09 17:00
JC08,JFK,CA,A321,2026-03-09 15:30,2026-03-09 23:00
JF01,JFK,FO,A321,2026-03-09 06:30,2026-03-09 19:45
JF02,JFK,FO,A321,2026-03-09 07:00,2026-03-09 20:00
JF03,JFK,FO,A321,2026-03-09 13:00,2026-03-10 00:30
JF04,JFK,FO,A321,2026-03-09 21:00,2026-03-10 02:00
JF05,JFK,FO,A321,2026-03-09 20:15,2026-03-10 07:00
JF06,JFK,FO,A321,2026-03-09 05:30,2026-03-09 17:15
JF07,JFK,FO,A321,2026-03-09 09:00,2026-03-09 17:00
JF08,JFK,FO,A321,2026-03-09 15:30,2026-03-09 23:00
OC01,ORD,CA,B737,2026-03-09 06:00,2026-03-09 15:00
OC02,ORD,CA,B737,2026-03-09 07:00,2026-03-09 18:00
OC03,ORD,CA,B737,2026-03-09 10:00,2026-03-09 18:00
OC04,ORD,CA,B737,2026-03-09 12:30,2026-03-09 19:30
OC05,ORD,CA,B737,2026-03-09 14:00,2026-03-10 02:00
OC06,ORD,CA,B737,2026-03-09 17:00,2026-03-09 22:30
OC07,ORD,CA,B737,2026-03-09 08:15,2026-03-09 15:45
OF01,ORD,FO,B737,2026-03-09 06:00,2026-03-09 15:00
OF02,ORD,FO,B737,2026-03-09 07:00,2026-03-09 18:00
OF03,ORD,FO,B737,2026-03-09 10:00,2026-03-09 18:00
OF04,ORD,FO,B737,2026-03-09 12:30,2026-03-09 19:30
OF05,ORD,FO,B737,2026-03-09 14:00,2026-03-10 02:00
OF06,ORD,FO,B737,2026-03-09 17:00,2026-03-09 22:30
OF07,ORD,FO,B737,2026-03-09 08:15,2026-03-09 15:45
