trip_id,leg_no,dep,arr,out_local,in_local
JC01,1,JFK,MIA,2026-03-09 07:30,2026-03-09 10:40
JC01,2,MIA,JFK,2026-03-09 16:20,2026-03-09 19:15
JC02,1,JFK,MIA,2026-03-09 08:00,2026-03-09 11:10
JC02,2,MIA,JFK,2026-03-09 16:35,2026-03-09 19:30
JC03,1,JFK,BOS,2026-03-09 14:00,2026-03-09 15:15
JC03,2,BOS,JFK,2026-03-09 16:05,2026-03-09 17:25
JC03,3,JFK,ATL,2026-03-09 18:25,2026-03-09 20:55
JC03,4,ATL,JFK,2026-03-09 21:45,2026-03-10 00:00
JC04,1,JFK,BOS,2026-03-09 22:00,2026-03-09 23:15
JC04,2,BOS,JFK,2026-03-10 00:10,2026-03-10 01:30
JC05,1,JFK,DEN,2026-03-09 21:15,2026-03-09 23:45
JC05,2,DEN,JFK,2026-03-10 00:35,2026-03-10 06:30
JC06,1,JFK,BOS,2026-03-09 06:30,2026-03-09 07:45
JC06,2,BOS,JFK,2026-03-09 08:35,2026-03-09 09:55
JC06,3,JFK,DCA,2026-03-09 10:45,2026-03-09 12:05
JC06,4,DCA,BOS,2026-03-09 13:10,2026-03-09 14:35
JC06,5,BOS,JFK,2026-03-09 15:25,2026-03-09 16:45
JC07,1,JFK,ATL,2026-03-09 10:00,2026-03-09 12:30
JC07,2,ATL,JFK,2026-03-09 14:15,2026-03-09 16:30
JC08,1,JFK,ORD,2026-03-09 16:30,2026-03-09 18:05
JC08,2,ORD,JFK,2026-03-09 19:20,2026-03-09 22:30
JF01,1,JFK,MIA,2026-03-09 07:30,2026-03-09 10:40
JF01,2,MIA,JFK,2026-03-09 16:20,2026-03-09 19:15
JF02,1,JFK,MIA,2026-03-09 08:00,2026-03-09 11:10
JF02,2,MIA,JFK,2026-03-09 16:35,2026-03-09 19:30
JF03,1,JFK,BOS,2026-03-09 14:00,2026-03-09 15:15
JF03,2,BOS,JFK,2026-03-09 16:05,2026-03-09 17:25
JF03,3,JFK,ATL,2026-03-09 18:25,2026-03-09 20:55
JF03,4,ATL,JFK,2026-03-09 21:45,2026-03-10 00:00
JF04,1,JFK,BOS,2026-03-09 22:00,2026-03-09 23:15
JF04,2,BOS,JFK,2026-03-10 00:10,2026-03-10 01:30
JF05,1,JFK,DEN,2026-03-09 21:15,2026-03-09 23:45
JF05,2,DEN,JFK,2026-03-10 00:35,2026-03-10 06:30
JF06,1,JFK,BOS,2026-03-09 06:30,2026-03-09 07:45
JF06,2,BOS,JFK,2026-03-09 08:35,2026-03-09 09:55
JF06,3,JFK,DCA,2026-03-09 10:45,2026-03-09 12:05
JF06,4,DCA,BOS,2026-03-09 13:10,2026-03-09 14:35
JF06,5,BOS,JFK,2026-03-09 15:25,2026-03-09 16:45
JF07,1,JFK,ATL,2026-03-09 10:00,2026-03-09 12:30
JF07,2,ATL,JFK,2026-03-09 14:15,2026-03-09 16:30
JF08,1,JFK,ORD,2026-03-09 16:30,2026-03-09 18:05
JF08,2,ORD,JFK,2026-03-09 19:20,2026-03-09 22:30
OC01,1,ORD,DEN,2026-03-09 07:00,2026-03-09 08:40
OC01,2,DEN,ORD,2026-03-09 11:10,2026-03-09 14:30
OC02,1,ORD,MSP,2026-03-09 08:00,2026-03-09 09:25
OC02,2,MSP,ORD,2026-03-09 10:15,2026-03-09 11:40
OC02,3,ORD,ATL,2026-03-09 12:35,2026-03-09 15:35
OC02,4,ATL,ORD,2026-03-09 16:25,2026-03-09 17:30
OC03,1,ORD,BOS,2026-03-09 11:00,2026-03-09 14:20
OC03,2,BOS,ORD,2026-03-09 15:50,2026-03-09 17:30
OC04,1,ORD,ATL,2026-03-09 13:30,2026-03-09 16:30
OC04,2,ATL,ORD,2026-03-09 17:55,2026-03-09 19:00
OC05,1,ORD,MSP,2026-03-09 15:00,2026-03-09 16:25
OC05,2,MSP,ORD,2026-03-09 17:15,2026-03-09 18:40
OC05,3,ORD,DEN,2026-03-09 19:40,2026-03-09 21:20
OC05,4,DEN,ORD,2026-03-09 22:10,2026-03-10 01:30
OC06,1,ORD,MSP,2026-03-09 18:00,2026-03-09 19:25
OC06,2,MSP,ORD,2026-03-09 20:35,2026-03-09 22:00
OC07,1,ORD,DEN,2026-03-09 09:15,2026-03-09 10:55
OC07,2,DEN,ORD,2026-03-09 11:55,2026-03-09 15:15
OF01,1,ORD,DEN,2026-03-09 07:00,2026-03-09 08:40
OF01,2,DEN,ORD,2026-03-09 11:10,2026-03-09 14:30
OF02,1,ORD,MSP,2026-03-09 08:00,2026-03-09 09:25
OF02,2,MSP,ORD,2026-03-09 10:15,2026-03-09 11:40
OF02,3,ORD,ATL,2026-03-09 12:35,2026-03-09 15:35
OF02,4,ATL,ORD,2026-03-09 16:25,2026-03-09 17:30
OF03,1,ORD,BOS,2026-03-09 11:00,2026-03-09 14:20
OF03,2,BOS,ORD,2026-03-09 15:50,2026-03-09 17:30
OF04,1,ORD,ATL,2026-03-09 13:30,2026-03-09 16:30
OF04,2,ATL,ORD,2026-03-09 17:55,2026-03-09 19:00
OF05,1,ORD,MSP,2026-03-09 15:00,2026-03-09 16:25
OF05,2,MSP,ORD,2026-03-09 17:15,2026-03-09 18:40
OF05,3,ORD,DEN,2026-03-09 19:40,2026-03-09 21:20
OF05,4,DEN,ORD,2026-03-09 22:10,2026-03-10 01:30
OF06,1,ORD,MSP,2026-03-09 18:00,2026-03-09 19:25
OF06,2,MSP,ORD,2026-03-09 20:35,2026-03-09 22:00
OF07,1,ORD,DEN,2026-03-09 09:15,2026-03-09 10:55
OF07,2,DEN,ORD,2026-03-09 11:55,2026-03-09 15:15
